"Data Set 1, Fl Ex @ 405 nm:Wavelength(nm)","Data Set 1, Fl Ex @ 405 nm:Fluorescence","Data Set 2, Fl Ex @ 405 nm:Wavelength(nm)","Data Set 2, Fl Ex @ 405 nm:Fluorescence","Data Set 3, Fl Ex @ 405 nm:Wavelength(nm)","Data Set 3, Fl Ex @ 405 nm:Fluorescence","Data Set 4, Fl Ex @ 405 nm:Wavelength(nm)","Data Set 4, Fl Ex @ 405 nm:Fluorescence","Data Set 5, Fl Ex @ 405 nm:Wavelength(nm)","Data Set 5, Fl Ex @ 405 nm:Fluorescence","Data Set 6, Fl Ex @ 405 nm:Wavelength(nm)","Data Set 6, Fl Ex @ 405 nm:Fluorescence","Data Set 7, Fl Ex @ 405 nm:Wavelength(nm)","Data Set 7, Fl Ex @ 405 nm:Fluorescence","Data Set 8, Fl Ex @ 405 nm:Wavelength(nm)","Data Set 8, Fl Ex @ 405 nm:Fluorescence","Data Set 9, Fl Ex @ 405 nm:Wavelength(nm)","Data Set 9, Fl Ex @ 405 nm:Fluorescence","Data Set 10, Fl Ex @ 405 nm:Wavelength(nm)","Data Set 10, Fl Ex @ 405 nm:Fluorescence"
380.7,-0.001,380.7,-0.001,380.7,-0.000,380.7,0.003,380.7,0.005,380.7,0.006,380.7,0.010,380.7,0.011,380.7,0.002,380.7,0.002
381.5,-0.001,381.5,-0.001,381.5,-0.000,381.5,0.002,381.5,0.004,381.5,0.006,381.5,0.009,381.5,0.011,381.5,0.002,381.5,0.003
382.4,-0.001,382.4,-0.002,382.4,-0.000,382.4,0.001,382.4,0.004,382.4,0.006,382.4,0.009,382.4,0.011,382.4,0.002,382.4,0.003
383.2,-0.001,383.2,-0.001,383.2,0.001,383.2,0.002,383.2,0.004,383.2,0.007,383.2,0.010,383.2,0.011,383.2,0.003,383.2,0.004
384.0,-0.001,384.0,-0.001,384.0,0.000,384.0,0.002,384.0,0.004,384.0,0.008,384.0,0.011,384.0,0.013,384.0,0.004,384.0,0.004
384.8,-0.000,384.8,-0.001,384.8,0.000,384.8,0.004,384.8,0.005,384.8,0.008,384.8,0.012,384.8,0.014,384.8,0.004,384.8,0.005
385.7,-0.000,385.7,-0.001,385.7,-0.000,385.7,0.004,385.7,0.005,385.7,0.008,385.7,0.012,385.7,0.014,385.7,0.004,385.7,0.004
386.5,-0.001,386.5,-0.001,386.5,0.000,386.5,0.004,386.5,0.006,386.5,0.010,386.5,0.012,386.5,0.015,386.5,0.004,386.5,0.004
387.3,-0.001,387.3,-0.001,387.3,0.001,387.3,0.003,387.3,0.006,387.3,0.011,387.3,0.013,387.3,0.017,387.3,0.005,387.3,0.005
388.1,-0.001,388.1,-0.000,388.1,0.001,388.1,0.003,388.1,0.006,388.1,0.012,388.1,0.015,388.1,0.019,388.1,0.005,388.1,0.005
389.0,0.000,389.0,-0.000,389.0,0.001,389.0,0.004,389.0,0.007,389.0,0.012,389.0,0.016,389.0,0.020,389.0,0.005,389.0,0.006
389.8,0.000,389.8,-0.000,389.8,0.000,389.8,0.005,389.8,0.007,389.8,0.013,389.8,0.017,389.8,0.022,389.8,0.005,389.8,0.007
390.6,0.001,390.6,-0.000,390.6,0.000,390.6,0.005,390.6,0.007,390.6,0.013,390.6,0.017,390.6,0.023,390.6,0.005,390.6,0.007
391.4,-0.000,391.4,-0.001,391.4,-0.001,391.4,0.004,391.4,0.007,391.4,0.014,391.4,0.018,391.4,0.024,391.4,0.005,391.4,0.006
392.3,-0.001,392.3,-0.001,392.3,-0.000,392.3,0.003,392.3,0.007,392.3,0.014,392.3,0.018,392.3,0.025,392.3,0.004,392.3,0.006
393.1,-0.001,393.1,-0.001,393.1,-0.001,393.1,0.004,393.1,0.008,393.1,0.015,393.1,0.019,393.1,0.027,393.1,0.004,393.1,0.006
393.9,-0.002,393.9,-0.001,393.9,-0.000,393.9,0.004,393.9,0.008,393.9,0.015,393.9,0.021,393.9,0.029,393.9,0.005,393.9,0.007
394.8,-0.001,394.8,-0.001,394.8,-0.000,394.8,0.005,394.8,0.010,394.8,0.018,394.8,0.024,394.8,0.031,394.8,0.006,394.8,0.008
395.6,-0.000,395.6,-0.001,395.6,-0.000,395.6,0.005,395.6,0.011,395.6,0.018,395.6,0.026,395.6,0.034,395.6,0.007,395.6,0.009
396.4,-0.000,396.4,-0.001,396.4,-0.000,396.4,0.006,396.4,0.012,396.4,0.020,396.4,0.028,396.4,0.037,396.4,0.007,396.4,0.010
397.2,-0.002,397.2,-0.002,397.2,-0.001,397.2,0.005,397.2,0.012,397.2,0.020,397.2,0.030,397.2,0.040,397.2,0.007,397.2,0.010
398.1,-0.002,398.1,-0.001,398.1,-0.001,398.1,0.006,398.1,0.012,398.1,0.022,398.1,0.032,398.1,0.043,398.1,0.008,398.1,0.011
398.9,-0.001,398.9,-0.001,398.9,-0.001,398.9,0.006,398.9,0.014,398.9,0.024,398.9,0.035,398.9,0.047,398.9,0.008,398.9,0.012
399.7,-0.001,399.7,-0.001,399.7,-0.000,399.7,0.006,399.7,0.014,399.7,0.026,399.7,0.037,399.7,0.051,399.7,0.009,399.7,0.013
400.5,-0.001,400.5,-0.001,400.5,-0.000,400.5,0.007,400.5,0.015,400.5,0.028,400.5,0.040,400.5,0.055,400.5,0.010,400.5,0.013
401.4,-0.001,401.4,-0.001,401.4,-0.000,401.4,0.007,401.4,0.016,401.4,0.030,401.4,0.044,401.4,0.060,401.4,0.011,401.4,0.014
402.2,-0.000,402.2,-0.001,402.2,-0.000,402.2,0.008,402.2,0.018,402.2,0.033,402.2,0.047,402.2,0.065,402.2,0.012,402.2,0.016
403.0,-0.001,403.0,-0.001,403.0,-0.001,403.0,0.009,403.0,0.019,403.0,0.036,403.0,0.052,403.0,0.070,403.0,0.012,403.0,0.017
403.8,0.000,403.8,-0.001,403.8,0.000,403.8,0.010,403.8,0.021,403.8,0.038,403.8,0.055,403.8,0.075,403.8,0.013,403.8,0.019
404.7,-0.000,404.7,-0.000,404.7,0.000,404.7,0.010,404.7,0.022,404.7,0.041,404.7,0.059,404.7,0.080,404.7,0.014,404.7,0.020
405.5,0.000,405.5,-0.000,405.5,0.000,405.5,0.010,405.5,0.023,405.5,0.043,405.5,0.062,405.5,0.086,405.5,0.015,405.5,0.021
406.3,0.000,406.3,-0.000,406.3,0.000,406.3,0.010,406.3,0.025,406.3,0.046,406.3,0.068,406.3,0.094,406.3,0.015,406.3,0.022
407.2,0.000,407.2,-0.000,407.2,0.000,407.2,0.010,407.2,0.026,407.2,0.049,407.2,0.072,407.2,0.099,407.2,0.016,407.2,0.023
408.0,-0.000,408.0,0.000,408.0,-0.000,408.0,0.011,408.0,0.028,408.0,0.052,408.0,0.078,408.0,0.107,408.0,0.017,408.0,0.026
408.8,-0.001,408.8,-0.000,408.8,-0.000,408.8,0.012,408.8,0.030,408.8,0.055,408.8,0.082,408.8,0.113,408.8,0.017,408.8,0.028
409.6,-0.001,409.6,-0.000,409.6,-0.000,409.6,0.013,409.6,0.032,409.6,0.060,409.6,0.089,409.6,0.122,409.6,0.018,409.6,0.030
410.5,-0.001,410.5,-0.000,410.5,-0.000,410.5,0.014,410.5,0.034,410.5,0.064,410.5,0.095,410.5,0.129,410.5,0.020,410.5,0.031
411.3,-0.001,411.3,0.000,411.3,-0.000,411.3,0.014,411.3,0.037,411.3,0.069,411.3,0.102,411.3,0.139,411.3,0.021,411.3,0.033
412.1,-0.001,412.1,-0.001,412.1,-0.001,412.1,0.014,412.1,0.039,412.1,0.072,412.1,0.109,412.1,0.147,412.1,0.022,412.1,0.034
412.9,-0.001,412.9,-0.001,412.9,-0.001,412.9,0.015,412.9,0.042,412.9,0.075,412.9,0.115,412.9,0.156,412.9,0.023,412.9,0.037
413.8,-0.002,413.8,-0.001,413.8,-0.001,413.8,0.016,413.8,0.044,413.8,0.080,413.8,0.122,413.8,0.165,413.8,0.023,413.8,0.039
414.6,-0.001,414.6,-0.000,414.6,-0.000,414.6,0.017,414.6,0.047,414.6,0.086,414.6,0.131,414.6,0.176,414.6,0.025,414.6,0.043
415.4,-0.001,415.4,-0.000,415.4,0.001,415.4,0.018,415.4,0.052,415.4,0.093,415.4,0.140,415.4,0.186,415.4,0.027,415.4,0.046
416.2,-0.000,416.2,-0.001,416.2,-0.000,416.2,0.019,416.2,0.056,416.2,0.098,416.2,0.149,416.2,0.198,416.2,0.029,416.2,0.049
417.1,-0.001,417.1,-0.001,417.1,0.000,417.1,0.020,417.1,0.059,417.1,0.103,417.1,0.157,417.1,0.209,417.1,0.031,417.1,0.051
417.9,-0.000,417.9,-0.001,417.9,-0.000,417.9,0.022,417.9,0.062,417.9,0.110,417.9,0.167,417.9,0.223,417.9,0.032,417.9,0.055
418.7,-0.000,418.7,-0.001,418.7,0.000,418.7,0.023,418.7,0.066,418.7,0.116,418.7,0.176,418.7,0.235,418.7,0.034,418.7,0.057
419.5,0.000,419.5,-0.001,419.5,-0.000,419.5,0.024,419.5,0.071,419.5,0.124,419.5,0.187,419.5,0.248,419.5,0.036,419.5,0.061
420.4,-0.000,420.4,-0.002,420.4,-0.001,420.4,0.024,420.4,0.074,420.4,0.129,420.4,0.196,420.4,0.260,420.4,0.037,420.4,0.063
421.2,-0.000,421.2,-0.002,421.2,-0.000,421.2,0.025,421.2,0.078,421.2,0.137,421.2,0.205,421.2,0.271,421.2,0.040,421.2,0.067
422.0,-0.001,422.0,-0.002,422.0,-0.000,422.0,0.026,422.0,0.082,422.0,0.144,422.0,0.214,422.0,0.284,422.0,0.041,422.0,0.070
422.9,-0.001,422.9,-0.000,422.9,0.000,422.9,0.027,422.9,0.087,422.9,0.150,422.9,0.224,422.9,0.296,422.9,0.043,422.9,0.074
423.7,-0.001,423.7,-0.000,423.7,-0.001,423.7,0.029,423.7,0.091,423.7,0.156,423.7,0.234,423.7,0.311,423.7,0.045,423.7,0.079
424.5,-0.001,424.5,-0.000,424.5,-0.001,424.5,0.030,424.5,0.094,424.5,0.164,424.5,0.244,424.5,0.322,424.5,0.047,424.5,0.083
425.3,-0.001,425.3,-0.001,425.3,-0.001,425.3,0.032,425.3,0.099,425.3,0.172,425.3,0.254,425.3,0.335,425.3,0.050,425.3,0.087
426.2,-0.001,426.2,-0.001,426.2,-0.000,426.2,0.033,426.2,0.103,426.2,0.181,426.2,0.264,426.2,0.347,426.2,0.052,426.2,0.092
427.0,-0.001,427.0,-0.000,427.0,0.000,427.0,0.034,427.0,0.110,427.0,0.189,427.0,0.276,427.0,0.362,427.0,0.055,427.0,0.097
427.8,-0.000,427.8,0.000,427.8,0.000,427.8,0.036,427.8,0.114,427.8,0.197,427.8,0.287,427.8,0.375,427.8,0.058,427.8,0.101
428.6,-0.000,428.6,0.000,428.6,-0.000,428.6,0.038,428.6,0.119,428.6,0.205,428.6,0.299,428.6,0.389,428.6,0.060,428.6,0.105
429.5,-0.001,429.5,-0.000,429.5,-0.001,429.5,0.038,429.5,0.122,429.5,0.212,429.5,0.311,429.5,0.401,429.5,0.061,429.5,0.108
430.3,-0.001,430.3,-0.000,430.3,-0.001,430.3,0.040,430.3,0.125,430.3,0.220,430.3,0.324,430.3,0.416,430.3,0.064,430.3,0.112
431.1,-0.000,431.1,0.001,431.1,-0.000,431.1,0.042,431.1,0.131,431.1,0.228,431.1,0.336,431.1,0.432,431.1,0.067,431.1,0.118
431.9,-0.000,431.9,0.001,431.9,0.001,431.9,0.045,431.9,0.136,431.9,0.237,431.9,0.346,431.9,0.448,431.9,0.069,431.9,0.122
432.8,0.000,432.8,0.001,432.8,0.001,432.8,0.046,432.8,0.142,432.8,0.246,432.8,0.358,432.8,0.463,432.8,0.073,432.8,0.127
433.6,-0.000,433.6,-0.001,433.6,0.001,433.6,0.047,433.6,0.148,433.6,0.253,433.6,0.367,433.6,0.478,433.6,0.076,433.6,0.132
434.4,0.000,434.4,-0.001,434.4,0.000,434.4,0.048,434.4,0.153,434.4,0.262,434.4,0.378,434.4,0.491,434.4,0.079,434.4,0.137
435.3,-0.001,435.3,-0.002,435.3,-0.000,435.3,0.049,435.3,0.157,435.3,0.269,435.3,0.389,435.3,0.503,435.3,0.081,435.3,0.141
436.1,-0.001,436.1,-0.001,436.1,-0.000,436.1,0.051,436.1,0.162,436.1,0.277,436.1,0.399,436.1,0.516,436.1,0.083,436.1,0.145
436.9,-0.001,436.9,-0.001,436.9,-0.000,436.9,0.053,436.9,0.167,436.9,0.283,436.9,0.410,436.9,0.530,436.9,0.086,436.9,0.150
437.7,-0.001,437.7,0.000,437.7,-0.000,437.7,0.055,437.7,0.171,437.7,0.291,437.7,0.420,437.7,0.543,437.7,0.089,437.7,0.154
438.6,-0.001,438.6,-0.000,438.6,0.000,438.6,0.057,438.6,0.177,438.6,0.299,438.6,0.431,438.6,0.554,438.6,0.092,438.6,0.159
439.4,-0.001,439.4,0.000,439.4,-0.000,439.4,0.058,439.4,0.182,439.4,0.307,439.4,0.442,439.4,0.566,439.4,0.095,439.4,0.164
440.2,-0.001,440.2,-0.001,440.2,-0.000,440.2,0.059,440.2,0.187,440.2,0.313,440.2,0.452,440.2,0.578,440.2,0.097,440.2,0.168
441.0,-0.001,441.0,0.000,441.0,-0.001,441.0,0.061,441.0,0.191,441.0,0.321,441.0,0.462,441.0,0.593,441.0,0.099,441.0,0.171
441.9,-0.001,441.9,0.000,441.9,-0.000,441.9,0.063,441.9,0.194,441.9,0.328,441.9,0.471,441.9,0.602,441.9,0.102,441.9,0.175
442.7,-0.001,442.7,0.001,442.7,0.000,442.7,0.065,442.7,0.200,442.7,0.336,442.7,0.479,442.7,0.611,442.7,0.104,442.7,0.179
443.5,-0.000,443.5,0.000,443.5,0.000,443.5,0.066,443.5,0.203,443.5,0.341,443.5,0.487,443.5,0.621,443.5,0.107,443.5,0.184
444.3,-0.000,444.3,-0.000,444.3,-0.000,444.3,0.067,444.3,0.207,444.3,0.347,444.3,0.498,444.3,0.635,444.3,0.108,444.3,0.189
445.2,-0.000,445.2,-0.001,445.2,-0.000,445.2,0.068,445.2,0.211,445.2,0.353,445.2,0.507,445.2,0.647,445.2,0.111,445.2,0.194
446.0,-0.000,446.0,-0.001,446.0,-0.000,446.0,0.069,446.0,0.216,446.0,0.360,446.0,0.516,446.0,0.658,446.0,0.114,446.0,0.197
446.8,-0.000,446.8,-0.000,446.8,-0.000,446.8,0.071,446.8,0.221,446.8,0.369,446.8,0.524,446.8,0.672,446.8,0.117,446.8,0.202
447.7,0.000,447.7,0.000,447.7,0.001,447.7,0.074,447.7,0.227,447.7,0.376,447.7,0.533,447.7,0.684,447.7,0.121,447.7,0.206
448.5,-0.000,448.5,0.000,448.5,0.001,448.5,0.076,448.5,0.231,448.5,0.381,448.5,0.541,448.5,0.695,448.5,0.123,448.5,0.210
449.3,-0.000,449.3,0.000,449.3,0.001,449.3,0.077,449.3,0.235,449.3,0.387,449.3,0.549,449.3,0.702,449.3,0.125,449.3,0.212
450.1,-0.001,450.1,0.000,450.1,-0.000,450.1,0.077,450.1,0.238,450.1,0.393,450.1,0.557,450.1,0.710,450.1,0.126,450.1,0.215
451.0,-0.001,451.0,-0.000,451.0,-0.000,451.0,0.079,451.0,0.243,451.0,0.399,451.0,0.565,451.0,0.719,451.0,0.128,451.0,0.219
451.8,-0.002,451.8,-0.001,451.8,-0.000,451.8,0.081,451.8,0.247,451.8,0.404,451.8,0.572,451.8,0.730,451.8,0.130,451.8,0.223
452.6,-0.000,452.6,-0.001,452.6,0.000,452.6,0.081,452.6,0.248,452.6,0.406,452.6,0.575,452.6,0.737,452.6,0.131,452.6,0.224
453.4,0.001,453.4,-0.000,453.4,0.001,453.4,0.082,453.4,0.251,453.4,0.411,453.4,0.580,453.4,0.741,453.4,0.134,453.4,0.228
454.3,0.002,454.3,0.001,454.3,0.001,454.3,0.083,454.3,0.253,454.3,0.415,454.3,0.584,454.3,0.746,454.3,0.134,454.3,0.230
455.1,0.001,455.1,0.001,455.1,0.000,455.1,0.084,455.1,0.257,455.1,0.418,455.1,0.590,455.1,0.754,455.1,0.137,455.1,0.233
455.9,0.001,455.9,0.001,455.9,0.001,455.9,0.086,455.9,0.258,455.9,0.423,455.9,0.598,455.9,0.763,455.9,0.139,455.9,0.235
456.7,-0.000,456.7,-0.000,456.7,0.001,456.7,0.087,456.7,0.260,456.7,0.426,456.7,0.602,456.7,0.767,456.7,0.141,456.7,0.237
457.6,-0.001,457.6,-0.001,457.6,0.000,457.6,0.086,457.6,0.261,457.6,0.429,457.6,0.605,457.6,0.771,457.6,0.141,457.6,0.237
458.4,-0.001,458.4,-0.001,458.4,-0.001,458.4,0.087,458.4,0.263,458.4,0.432,458.4,0.609,458.4,0.777,458.4,0.141,458.4,0.239
459.2,-0.000,459.2,0.000,459.2,-0.000,459.2,0.089,459.2,0.265,459.2,0.434,459.2,0.614,459.2,0.784,459.2,0.143,459.2,0.242
460.1,0.000,460.1,0.001,460.1,0.000,460.1,0.091,460.1,0.267,460.1,0.436,460.1,0.618,460.1,0.789,460.1,0.144,460.1,0.244
460.9,-0.000,460.9,0.001,460.9,0.000,460.9,0.091,460.9,0.270,460.9,0.439,460.9,0.621,460.9,0.794,460.9,0.146,460.9,0.244
461.7,-0.000,461.7,-0.000,461.7,0.000,461.7,0.091,461.7,0.269,461.7,0.440,461.7,0.622,461.7,0.794,461.7,0.145,461.7,0.244
462.5,0.000,462.5,-0.000,462.5,0.001,462.5,0.092,462.5,0.271,462.5,0.441,462.5,0.621,462.5,0.794,462.5,0.146,462.5,0.245
463.4,0.000,463.4,0.000,463.4,0.001,463.4,0.092,463.4,0.270,463.4,0.441,463.4,0.620,463.4,0.792,463.4,0.145,463.4,0.246
464.2,0.000,464.2,-0.000,464.2,0.000,464.2,0.091,464.2,0.269,464.2,0.440,464.2,0.619,464.2,0.791,464.2,0.145,464.2,0.245
465.0,-0.000,465.0,0.000,465.0,-0.001,465.0,0.090,465.0,0.268,465.0,0.441,465.0,0.620,465.0,0.794,465.0,0.145,465.0,0.245
465.8,-0.000,465.8,-0.000,465.8,-0.001,465.8,0.090,465.8,0.268,465.8,0.439,465.8,0.619,465.8,0.791,465.8,0.143,465.8,0.243
466.7,-0.000,466.7,-0.001,466.7,-0.001,466.7,0.090,466.7,0.269,466.7,0.439,466.7,0.619,466.7,0.793,466.7,0.144,466.7,0.243
467.5,-0.000,467.5,-0.001,467.5,-0.000,467.5,0.090,467.5,0.268,467.5,0.439,467.5,0.618,467.5,0.789,467.5,0.142,467.5,0.243
468.3,-0.000,468.3,-0.001,468.3,-0.000,468.3,0.090,468.3,0.267,468.3,0.437,468.3,0.615,468.3,0.786,468.3,0.143,468.3,0.242
469.1,-0.000,469.1,-0.000,469.1,0.000,469.1,0.090,469.1,0.264,469.1,0.436,469.1,0.613,469.1,0.783,469.1,0.142,469.1,0.241
470.0,0.000,470.0,0.000,470.0,0.001,470.0,0.089,470.0,0.264,470.0,0.435,470.0,0.612,470.0,0.785,470.0,0.143,470.0,0.241
470.8,0.000,470.8,0.000,470.8,0.001,470.8,0.089,470.8,0.263,470.8,0.434,470.8,0.611,470.8,0.784,470.8,0.141,470.8,0.241
471.6,-0.000,471.6,0.000,471.6,0.000,471.6,0.088,471.6,0.263,471.6,0.432,471.6,0.607,471.6,0.778,471.6,0.141,471.6,0.240
472.5,-0.000,472.5,0.000,472.5,0.001,472.5,0.088,472.5,0.261,472.5,0.430,472.5,0.604,472.5,0.774,472.5,0.140,472.5,0.240
473.3,0.000,473.3,0.001,473.3,0.000,473.3,0.087,473.3,0.260,473.3,0.427,473.3,0.600,473.3,0.770,473.3,0.140,473.3,0.239
474.1,0.000,474.1,0.001,474.1,0.000,474.1,0.086,474.1,0.260,474.1,0.424,474.1,0.597,474.1,0.768,474.1,0.139,474.1,0.237
474.9,0.000,474.9,0.000,474.9,-0.000,474.9,0.085,474.9,0.258,474.9,0.422,474.9,0.596,474.9,0.764,474.9,0.138,474.9,0.235
475.8,0.000,475.8,-0.000,475.8,0.000,475.8,0.083,475.8,0.254,475.8,0.419,475.8,0.592,475.8,0.757,475.8,0.135,475.8,0.232
476.6,0.000,476.6,-0.000,476.6,-0.000,476.6,0.083,476.6,0.252,476.6,0.416,476.6,0.588,476.6,0.751,476.6,0.134,476.6,0.230
477.4,-0.000,477.4,-0.000,477.4,-0.001,477.4,0.082,477.4,0.248,477.4,0.412,477.4,0.581,477.4,0.743,477.4,0.133,477.4,0.226
478.2,-0.001,478.2,-0.000,478.2,-0.001,478.2,0.081,478.2,0.247,478.2,0.409,478.2,0.576,478.2,0.738,478.2,0.132,478.2,0.223
479.1,-0.001,479.1,-0.001,479.1,-0.001,479.1,0.080,479.1,0.243,479.1,0.405,479.1,0.570,479.1,0.732,479.1,0.130,479.1,0.220
479.9,-0.002,479.9,-0.001,479.9,-0.001,479.9,0.079,479.9,0.241,479.9,0.400,479.9,0.564,479.9,0.727,479.9,0.128,479.9,0.217
480.7,-0.002,480.7,-0.000,480.7,-0.001,480.7,0.077,480.7,0.239,480.7,0.395,480.7,0.562,480.7,0.723,480.7,0.126,480.7,0.215
481.5,-0.002,481.5,-0.000,481.5,-0.000,481.5,0.077,481.5,0.238,481.5,0.392,481.5,0.559,481.5,0.719,481.5,0.125,481.5,0.215
482.4,-0.002,482.4,-0.000,482.4,-0.000,482.4,0.075,482.4,0.235,482.4,0.388,482.4,0.554,482.4,0.710,482.4,0.123,482.4,0.212
483.2,-0.001,483.2,-0.001,483.2,-0.000,483.2,0.074,483.2,0.230,483.2,0.385,483.2,0.549,483.2,0.701,483.2,0.121,483.2,0.211
484.0,-0.001,484.0,-0.002,484.0,-0.001,484.0,0.072,484.0,0.227,484.0,0.381,484.0,0.542,484.0,0.694,484.0,0.119,484.0,0.208
484.9,-0.001,484.9,-0.001,484.9,-0.000,484.9,0.072,484.9,0.226,484.9,0.379,484.9,0.537,484.9,0.690,484.9,0.117,484.9,0.205
485.7,-0.001,485.7,-0.001,485.7,-0.000,485.7,0.070,485.7,0.223,485.7,0.375,485.7,0.531,485.7,0.684,485.7,0.116,485.7,0.202
486.5,-0.001,486.5,-0.001,486.5,-0.000,486.5,0.070,486.5,0.220,486.5,0.370,486.5,0.524,486.5,0.674,486.5,0.114,486.5,0.199
487.3,-0.001,487.3,-0.001,487.3,-0.001,487.3,0.067,487.3,0.215,487.3,0.362,487.3,0.514,487.3,0.662,487.3,0.112,487.3,0.195
488.2,-0.001,488.2,-0.000,488.2,-0.001,488.2,0.067,488.2,0.211,488.2,0.355,488.2,0.505,488.2,0.652,488.2,0.110,488.2,0.192
489.0,-0.001,489.0,-0.000,489.0,-0.001,489.0,0.065,489.0,0.207,489.0,0.349,489.0,0.495,489.0,0.640,489.0,0.106,489.0,0.187
489.8,-0.001,489.8,-0.000,489.8,-0.000,489.8,0.064,489.8,0.203,489.8,0.343,489.8,0.487,489.8,0.632,489.8,0.104,489.8,0.184
490.6,-0.001,490.6,-0.001,490.6,-0.001,490.6,0.062,490.6,0.200,490.6,0.337,490.6,0.479,490.6,0.623,490.6,0.102,490.6,0.181
491.5,-0.000,491.5,-0.001,491.5,0.000,491.5,0.061,491.5,0.196,491.5,0.332,491.5,0.473,491.5,0.614,491.5,0.099,491.5,0.178
492.3,-0.000,492.3,-0.001,492.3,0.000,492.3,0.060,492.3,0.192,492.3,0.326,492.3,0.468,492.3,0.604,492.3,0.098,492.3,0.175
493.1,-0.001,493.1,-0.001,493.1,0.000,493.1,0.059,493.1,0.186,493.1,0.320,493.1,0.460,493.1,0.594,493.1,0.096,493.1,0.170
493.9,-0.001,493.9,-0.001,493.9,-0.000,493.9,0.059,493.9,0.184,493.9,0.314,493.9,0.453,493.9,0.586,493.9,0.095,493.9,0.167
494.8,-0.001,494.8,-0.001,494.8,-0.000,494.8,0.057,494.8,0.180,494.8,0.310,494.8,0.446,494.8,0.579,494.8,0.094,494.8,0.164
495.6,-0.001,495.6,-0.000,495.6,-0.001,495.6,0.056,495.6,0.179,495.6,0.307,495.6,0.440,495.6,0.572,495.6,0.092,495.6,0.162
496.4,-0.002,496.4,-0.000,496.4,-0.001,496.4,0.054,496.4,0.175,496.4,0.301,496.4,0.432,496.4,0.562,496.4,0.089,496.4,0.158
497.2,-0.002,497.2,-0.001,497.2,-0.001,497.2,0.053,497.2,0.172,497.2,0.296,497.2,0.424,497.2,0.553,497.2,0.087,497.2,0.153
498.1,-0.001,498.1,-0.001,498.1,0.000,498.1,0.052,498.1,0.167,498.1,0.290,498.1,0.419,498.1,0.544,498.1,0.085,498.1,0.149
498.9,-0.001,498.9,-0.001,498.9,0.000,498.9,0.051,498.9,0.164,498.9,0.285,498.9,0.411,498.9,0.536,498.9,0.083,498.9,0.147
499.7,-0.001,499.7,0.001,499.7,0.000,499.7,0.050,499.7,0.160,499.7,0.280,499.7,0.405,499.7,0.525,499.7,0.081,499.7,0.144
500.6,-0.000,500.6,0.001,500.6,-0.000,500.6,0.049,500.6,0.157,500.6,0.274,500.6,0.396,500.6,0.516,500.6,0.080,500.6,0.141
501.4,-0.000,501.4,0.001,501.4,0.001,501.4,0.047,501.4,0.155,501.4,0.271,501.4,0.392,501.4,0.509,501.4,0.079,501.4,0.139
502.2,-0.001,502.2,0.000,502.2,0.000,502.2,0.045,502.2,0.151,502.2,0.266,502.2,0.384,502.2,0.501,502.2,0.076,502.2,0.136
503.0,-0.001,503.0,0.000,503.0,0.000,503.0,0.044,503.0,0.148,503.0,0.259,503.0,0.378,503.0,0.490,503.0,0.073,503.0,0.133
503.9,-0.000,503.9,-0.000,503.9,-0.000,503.9,0.043,503.9,0.144,503.9,0.252,503.9,0.370,503.9,0.480,503.9,0.072,503.9,0.129
504.7,-0.000,504.7,-0.001,504.7,-0.001,504.7,0.042,504.7,0.142,504.7,0.246,504.7,0.362,504.7,0.470,504.7,0.071,504.7,0.125
505.5,0.000,505.5,-0.001,505.5,0.000,505.5,0.042,505.5,0.138,505.5,0.240,505.5,0.352,505.5,0.460,505.5,0.068,505.5,0.121
506.3,-0.000,506.3,-0.001,506.3,0.000,506.3,0.041,506.3,0.133,506.3,0.234,506.3,0.343,506.3,0.450,506.3,0.066,506.3,0.118
507.2,-0.000,507.2,-0.001,507.2,0.000,507.2,0.039,507.2,0.129,507.2,0.228,507.2,0.338,507.2,0.444,507.2,0.064,507.2,0.116
508.0,-0.000,508.0,-0.001,508.0,0.000,508.0,0.038,508.0,0.125,508.0,0.222,508.0,0.332,508.0,0.435,508.0,0.063,508.0,0.113
508.8,-0.001,508.8,-0.001,508.8,0.000,508.8,0.038,508.8,0.122,508.8,0.217,508.8,0.325,508.8,0.424,508.8,0.060,508.8,0.110
509.6,-0.000,509.6,0.000,509.6,0.000,509.6,0.037,509.6,0.119,509.6,0.213,509.6,0.318,509.6,0.415,509.6,0.058,509.6,0.107
510.5,-0.001,510.5,-0.000,510.5,0.000,510.5,0.036,510.5,0.116,510.5,0.210,510.5,0.311,510.5,0.407,510.5,0.057,510.5,0.104
511.3,-0.001,511.3,0.000,511.3,0.000,511.3,0.035,511.3,0.114,511.3,0.205,511.3,0.304,511.3,0.400,511.3,0.055,511.3,0.102
512.1,-0.001,512.1,0.000,512.1,0.000,512.1,0.034,512.1,0.110,512.1,0.198,512.1,0.296,512.1,0.389,512.1,0.054,512.1,0.099
512.9,-0.000,512.9,0.001,512.9,0.000,512.9,0.033,512.9,0.107,512.9,0.192,512.9,0.289,512.9,0.381,512.9,0.052,512.9,0.096
513.7,-0.001,513.7,0.000,513.7,-0.001,513.7,0.031,513.7,0.103,513.7,0.188,513.7,0.283,513.7,0.373,513.7,0.051,513.7,0.092
514.5,-0.001,514.5,-0.001,514.5,-0.001,514.5,0.031,514.5,0.100,514.5,0.183,514.5,0.276,514.5,0.364,514.5,0.050,514.5,0.089
515.3,-0.001,515.3,-0.001,515.3,-0.001,515.3,0.030,515.3,0.097,515.3,0.178,515.3,0.269,515.3,0.355,515.3,0.048,515.3,0.086
516.1,-0.001,516.1,-0.001,516.1,-0.000,516.1,0.030,516.1,0.094,516.1,0.173,516.1,0.263,516.1,0.346,516.1,0.046,516.1,0.084
516.9,-0.000,516.9,-0.001,516.9,-0.000,516.9,0.029,516.9,0.091,516.9,0.168,516.9,0.256,516.9,0.340,516.9,0.045,516.9,0.081
517.7,-0.000,517.7,-0.001,517.7,0.000,517.7,0.028,517.7,0.088,517.7,0.164,517.7,0.249,517.7,0.331,517.7,0.044,517.7,0.079
518.5,-0.000,518.5,-0.001,518.5,0.000,518.5,0.027,518.5,0.086,518.5,0.159,518.5,0.242,518.5,0.322,518.5,0.043,518.5,0.076
519.3,-0.001,519.3,-0.000,519.3,0.000,519.3,0.025,519.3,0.083,519.3,0.156,519.3,0.235,519.3,0.313,519.3,0.042,519.3,0.074
520.1,-0.000,520.1,-0.000,520.1,-0.000,520.1,0.025,520.1,0.082,520.1,0.151,520.1,0.228,520.1,0.305,520.1,0.040,520.1,0.071
520.9,-0.001,520.9,-0.001,520.9,-0.000,520.9,0.024,520.9,0.077,520.9,0.146,520.9,0.220,520.9,0.297,520.9,0.038,520.9,0.069
521.6,-0.001,521.6,-0.001,521.6,0.000,521.6,0.024,521.6,0.075,521.6,0.140,521.6,0.216,521.6,0.290,521.6,0.037,521.6,0.067
522.4,-0.001,522.4,-0.001,522.4,-0.000,522.4,0.023,522.4,0.072,522.4,0.135,522.4,0.210,522.4,0.281,522.4,0.036,522.4,0.065
523.2,0.000,523.2,-0.000,523.2,0.000,523.2,0.023,523.2,0.071,523.2,0.131,523.2,0.204,523.2,0.274,523.2,0.035,523.2,0.063
524.0,-0.000,524.0,-0.001,524.0,-0.000,524.0,0.022,524.0,0.069,524.0,0.129,524.0,0.199,524.0,0.267,524.0,0.034,524.0,0.060
524.8,0.000,524.8,-0.000,524.8,0.000,524.8,0.022,524.8,0.068,524.8,0.128,524.8,0.197,524.8,0.263,524.8,0.034,524.8,0.060
525.6,-0.001,525.6,-0.000,525.6,-0.000,525.6,0.021,525.6,0.065,525.6,0.124,525.6,0.192,525.6,0.256,525.6,0.033,525.6,0.058
526.4,-0.000,526.4,-0.000,526.4,0.000,526.4,0.021,526.4,0.063,526.4,0.118,526.4,0.186,526.4,0.247,526.4,0.031,526.4,0.057
527.2,-0.001,527.2,-0.001,527.2,-0.000,527.2,0.019,527.2,0.059,527.2,0.113,527.2,0.179,527.2,0.239,527.2,0.029,527.2,0.054
528.0,-0.001,528.0,-0.000,528.0,-0.000,528.0,0.018,528.0,0.058,528.0,0.110,528.0,0.173,528.0,0.233,528.0,0.029,528.0,0.052
528.8,-0.001,528.8,-0.000,528.8,-0.001,528.8,0.018,528.8,0.056,528.8,0.107,528.8,0.167,528.8,0.227,528.8,0.028,528.8,0.049
529.6,-0.001,529.6,-0.000,529.6,-0.001,529.6,0.017,529.6,0.054,529.6,0.103,529.6,0.161,529.6,0.219,529.6,0.027,529.6,0.047
530.4,-0.001,530.4,-0.000,530.4,-0.001,530.4,0.017,530.4,0.052,530.4,0.099,530.4,0.157,530.4,0.213,530.4,0.026,530.4,0.046
531.1,-0.000,531.1,-0.000,531.1,-0.000,531.1,0.017,531.1,0.050,531.1,0.096,531.1,0.152,531.1,0.208,531.1,0.026,531.1,0.045
531.9,-0.000,531.9,-0.000,531.9,-0.000,531.9,0.017,531.9,0.048,531.9,0.092,531.9,0.148,531.9,0.201,531.9,0.026,531.9,0.044
532.7,0.000,532.7,0.000,532.7,-0.000,532.7,0.017,532.7,0.047,532.7,0.090,532.7,0.143,532.7,0.193,532.7,0.025,532.7,0.042
533.5,-0.000,533.5,0.001,533.5,-0.000,533.5,0.016,533.5,0.045,533.5,0.087,533.5,0.138,533.5,0.188,533.5,0.023,533.5,0.041
534.3,0.000,534.3,0.000,534.3,-0.000,534.3,0.015,534.3,0.044,534.3,0.084,534.3,0.134,534.3,0.185,534.3,0.023,534.3,0.039
535.1,-0.001,535.1,-0.001,535.1,0.000,535.1,0.015,535.1,0.044,535.1,0.082,535.1,0.129,535.1,0.180,535.1,0.023,535.1,0.039
535.9,-0.001,535.9,-0.001,535.9,-0.001,535.9,0.016,535.9,0.042,535.9,0.079,535.9,0.124,535.9,0.174,535.9,0.022,535.9,0.038
536.7,-0.001,536.7,-0.000,536.7,-0.001,536.7,0.015,536.7,0.041,536.7,0.076,536.7,0.121,536.7,0.167,536.7,0.021,536.7,0.036
537.5,0.000,537.5,-0.001,537.5,-0.001,537.5,0.014,537.5,0.038,537.5,0.072,537.5,0.117,537.5,0.163,537.5,0.020,537.5,0.035
538.3,0.000,538.3,-0.000,538.3,-0.000,538.3,0.014,538.3,0.037,538.3,0.070,538.3,0.113,538.3,0.156,538.3,0.021,538.3,0.033
539.1,0.001,539.1,-0.001,539.1,0.000,539.1,0.013,539.1,0.035,539.1,0.067,539.1,0.108,539.1,0.150,539.1,0.019,539.1,0.032
539.9,0.000,539.9,-0.001,539.9,0.000,539.9,0.013,539.9,0.033,539.9,0.065,539.9,0.105,539.9,0.145,539.9,0.019,539.9,0.032
540.6,-0.001,540.6,-0.001,540.6,-0.000,540.6,0.012,540.6,0.032,540.6,0.062,540.6,0.101,540.6,0.142,540.6,0.019,540.6,0.030
541.4,-0.000,541.4,-0.001,541.4,-0.001,541.4,0.012,541.4,0.032,541.4,0.061,541.4,0.100,541.4,0.138,541.4,0.019,541.4,0.029
542.2,-0.000,542.2,-0.000,542.2,-0.001,542.2,0.012,542.2,0.033,542.2,0.059,542.2,0.096,542.2,0.133,542.2,0.018,542.2,0.028
543.0,0.000,543.0,-0.000,543.0,-0.001,543.0,0.011,543.0,0.031,543.0,0.058,543.0,0.094,543.0,0.129,543.0,0.017,543.0,0.028
543.8,-0.000,543.8,-0.001,543.8,0.000,543.8,0.012,543.8,0.031,543.8,0.055,543.8,0.089,543.8,0.125,543.8,0.016,543.8,0.027
544.6,-0.000,544.6,-0.001,544.6,0.000,544.6,0.012,544.6,0.029,544.6,0.053,544.6,0.085,544.6,0.121,544.6,0.015,544.6,0.026
545.4,-0.000,545.4,-0.001,545.4,0.000,545.4,0.011,545.4,0.028,545.4,0.051,545.4,0.083,545.4,0.116,545.4,0.015,545.4,0.025
546.2,-0.001,546.2,-0.001,546.2,-0.001,546.2,0.010,546.2,0.027,546.2,0.048,546.2,0.079,546.2,0.112,546.2,0.015,546.2,0.024
547.0,-0.001,547.0,-0.001,547.0,-0.000,547.0,0.008,547.0,0.025,547.0,0.046,547.0,0.076,547.0,0.107,547.0,0.015,547.0,0.023
547.8,-0.002,547.8,-0.001,547.8,-0.000,547.8,0.008,547.8,0.024,547.8,0.044,547.8,0.072,547.8,0.101,547.8,0.013,547.8,0.021
548.6,-0.002,548.6,-0.001,548.6,-0.000,548.6,0.009,548.6,0.023,548.6,0.043,548.6,0.069,548.6,0.097,548.6,0.014,548.6,0.021
549.4,-0.001,549.4,0.000,549.4,-0.000,549.4,0.010,549.4,0.023,549.4,0.042,549.4,0.067,549.4,0.096,549.4,0.014,549.4,0.022
550.1,-0.000,550.1,0.000,550.1,0.000,550.1,0.010,550.1,0.024,550.1,0.041,550.1,0.065,550.1,0.093,550.1,0.014,550.1,0.022
550.9,0.000,550.9,0.000,550.9,0.001,550.9,0.009,550.9,0.023,550.9,0.040,550.9,0.063,550.9,0.090,550.9,0.014,550.9,0.020
551.7,0.000,551.7,0.001,551.7,0.000,551.7,0.009,551.7,0.023,551.7,0.038,551.7,0.062,551.7,0.085,551.7,0.013,551.7,0.019
552.5,-0.000,552.5,0.001,552.5,-0.000,552.5,0.009,552.5,0.021,552.5,0.036,552.5,0.061,552.5,0.081,552.5,0.012,552.5,0.018
553.3,-0.001,553.3,0.001,553.3,0.000,553.3,0.008,553.3,0.020,553.3,0.035,553.3,0.058,553.3,0.079,553.3,0.011,553.3,0.018
554.1,-0.001,554.1,0.000,554.1,-0.000,554.1,0.008,554.1,0.019,554.1,0.034,554.1,0.055,554.1,0.075,554.1,0.012,554.1,0.018
554.9,-0.001,554.9,-0.000,554.9,-0.001,554.9,0.008,554.9,0.018,554.9,0.033,554.9,0.052,554.9,0.072,554.9,0.011,554.9,0.017
555.7,-0.001,555.7,-0.001,555.7,-0.001,555.7,0.008,555.7,0.017,555.7,0.032,555.7,0.049,555.7,0.069,555.7,0.011,555.7,0.017
556.5,-0.001,556.5,-0.001,556.5,-0.001,556.5,0.007,556.5,0.017,556.5,0.031,556.5,0.047,556.5,0.067,556.5,0.010,556.5,0.016
557.3,-0.001,557.3,-0.001,557.3,-0.000,557.3,0.007,557.3,0.017,557.3,0.030,557.3,0.046,557.3,0.065,557.3,0.010,557.3,0.016
558.1,-0.001,558.1,-0.000,558.1,-0.001,558.1,0.007,558.1,0.017,558.1,0.029,558.1,0.044,558.1,0.061,558.1,0.009,558.1,0.015
558.9,-0.000,558.9,-0.000,558.9,-0.000,558.9,0.007,558.9,0.016,558.9,0.028,558.9,0.042,558.9,0.059,558.9,0.009,558.9,0.015
559.6,-0.000,559.6,-0.000,559.6,0.000,559.6,0.007,559.6,0.015,559.6,0.027,559.6,0.041,559.6,0.057,559.6,0.009,559.6,0.015
560.4,-0.000,560.4,-0.000,560.4,0.000,560.4,0.006,560.4,0.015,560.4,0.026,560.4,0.040,560.4,0.056,560.4,0.009,560.4,0.015
561.2,-0.001,561.2,-0.001,561.2,0.000,561.2,0.007,561.2,0.015,561.2,0.025,561.2,0.039,561.2,0.053,561.2,0.009,561.2,0.014
562.0,-0.000,562.0,-0.000,562.0,0.000,562.0,0.006,562.0,0.014,562.0,0.024,562.0,0.037,562.0,0.050,562.0,0.009,562.0,0.013
562.8,0.000,562.8,-0.000,562.8,0.000,562.8,0.007,562.8,0.014,562.8,0.024,562.8,0.035,562.8,0.048,562.8,0.008,562.8,0.013
563.6,-0.000,563.6,-0.000,563.6,0.000,563.6,0.006,563.6,0.013,563.6,0.022,563.6,0.033,563.6,0.046,563.6,0.008,563.6,0.012
564.4,0.000,564.4,-0.001,564.4,0.000,564.4,0.006,564.4,0.012,564.4,0.021,564.4,0.031,564.4,0.045,564.4,0.008,564.4,0.011
565.2,-0.000,565.2,-0.001,565.2,0.000,565.2,0.005,565.2,0.012,565.2,0.020,565.2,0.030,565.2,0.042,565.2,0.008,565.2,0.011
566.0,-0.000,566.0,-0.000,566.0,0.000,566.0,0.005,566.0,0.012,566.0,0.021,566.0,0.030,566.0,0.040,566.0,0.008,566.0,0.011
566.8,-0.001,566.8,-0.000,566.8,0.000,566.8,0.005,566.8,0.012,566.8,0.020,566.8,0.029,566.8,0.039,566.8,0.008,566.8,0.011
567.6,-0.000,567.6,0.000,567.6,0.000,567.6,0.005,567.6,0.012,567.6,0.020,567.6,0.029,567.6,0.038,567.6,0.008,567.6,0.010
568.3,0.000,568.3,0.000,568.3,0.000,568.3,0.005,568.3,0.011,568.3,0.019,568.3,0.028,568.3,0.037,568.3,0.007,568.3,0.010
569.1,0.001,569.1,0.000,569.1,0.000,569.1,0.005,569.1,0.011,569.1,0.018,569.1,0.027,569.1,0.036,569.1,0.007,569.1,0.010
569.9,0.000,569.9,-0.001,569.9,-0.000,569.9,0.004,569.9,0.010,569.9,0.017,569.9,0.025,569.9,0.035,569.9,0.007,569.9,0.010
570.7,-0.000,570.7,-0.001,570.7,-0.000,570.7,0.004,570.7,0.010,570.7,0.017,570.7,0.023,570.7,0.033,570.7,0.007,570.7,0.009
571.5,-0.000,571.5,-0.001,571.5,-0.000,571.5,0.004,571.5,0.010,571.5,0.017,571.5,0.023,571.5,0.032,571.5,0.006,571.5,0.009
572.3,-0.000,572.3,-0.001,572.3,-0.001,572.3,0.004,572.3,0.010,572.3,0.016,572.3,0.023,572.3,0.030,572.3,0.006,572.3,0.008
573.1,-0.000,573.1,-0.001,573.1,-0.001,573.1,0.004,573.1,0.009,573.1,0.015,573.1,0.022,573.1,0.029,573.1,0.005,573.1,0.008
573.9,-0.000,573.9,-0.000,573.9,-0.001,573.9,0.004,573.9,0.009,573.9,0.015,573.9,0.022,573.9,0.029,573.9,0.005,573.9,0.007
574.7,-0.001,574.7,-0.001,574.7,-0.001,574.7,0.003,574.7,0.008,574.7,0.015,574.7,0.021,574.7,0.028,574.7,0.005,574.7,0.007
575.5,-0.001,575.5,-0.001,575.5,-0.001,575.5,0.003,575.5,0.009,575.5,0.014,575.5,0.020,575.5,0.026,575.5,0.005,575.5,0.007
576.3,-0.000,576.3,-0.001,576.3,-0.000,576.3,0.004,576.3,0.008,576.3,0.014,576.3,0.019,576.3,0.025,576.3,0.005,576.3,0.007
577.1,-0.000,577.1,-0.000,577.1,0.000,577.1,0.005,577.1,0.008,577.1,0.013,577.1,0.020,577.1,0.025,577.1,0.005,577.1,0.007
577.8,-0.000,577.8,-0.001,577.8,0.000,577.8,0.004,577.8,0.007,577.8,0.013,577.8,0.019,577.8,0.025,577.8,0.005,577.8,0.007
578.6,-0.001,578.6,-0.001,578.6,0.000,578.6,0.003,578.6,0.007,578.6,0.012,578.6,0.018,578.6,0.023,578.6,0.004,578.6,0.006
579.4,-0.001,579.4,-0.001,579.4,-0.000,579.4,0.003,579.4,0.006,579.4,0.011,579.4,0.016,579.4,0.021,579.4,0.004,579.4,0.006
580.2,-0.001,580.2,-0.001,580.2,-0.000,580.2,0.003,580.2,0.006,580.2,0.011,580.2,0.015,580.2,0.020,580.2,0.004,580.2,0.006
581.0,-0.002,581.0,-0.001,581.0,0.000,581.0,0.002,581.0,0.006,581.0,0.011,581.0,0.015,581.0,0.020,581.0,0.004,581.0,0.006
581.8,-0.001,581.8,-0.001,581.8,0.000,581.8,0.002,581.8,0.006,581.8,0.011,581.8,0.016,581.8,0.020,581.8,0.003,581.8,0.006
582.6,-0.001,582.6,-0.001,582.6,0.001,582.6,0.003,582.6,0.006,582.6,0.012,582.6,0.015,582.6,0.019,582.6,0.004,582.6,0.006
583.4,-0.001,583.4,-0.001,583.4,0.000,583.4,0.003,583.4,0.007,583.4,0.012,583.4,0.014,583.4,0.019,583.4,0.004,583.4,0.005
584.2,-0.001,584.2,-0.001,584.2,-0.000,584.2,0.003,584.2,0.006,584.2,0.011,584.2,0.014,584.2,0.018,584.2,0.005,584.2,0.006
585.0,-0.001,585.0,-0.001,585.0,-0.001,585.0,0.003,585.0,0.006,585.0,0.010,585.0,0.014,585.0,0.017,585.0,0.004,585.0,0.005
585.8,-0.000,585.8,-0.001,585.8,-0.000,585.8,0.003,585.8,0.006,585.8,0.009,585.8,0.015,585.8,0.017,585.8,0.004,585.8,0.006
586.6,0.000,586.6,-0.000,586.6,0.001,586.6,0.003,586.6,0.006,586.6,0.010,586.6,0.014,586.6,0.017,586.6,0.004,586.6,0.006
587.3,-0.000,587.3,-0.001,587.3,0.001,587.3,0.003,587.3,0.006,587.3,0.009,587.3,0.014,587.3,0.017,587.3,0.004,587.3,0.005
588.1,-0.000,588.1,-0.001,588.1,0.000,588.1,0.002,588.1,0.006,588.1,0.010,588.1,0.014,588.1,0.017,588.1,0.004,588.1,0.006
588.8,-0.000,588.8,-0.002,588.8,-0.001,588.8,0.002,588.8,0.006,588.8,0.009,588.8,0.014,588.8,0.016,588.8,0.003,588.8,0.005
589.6,-0.000,589.6,-0.001,589.6,-0.000,589.6,0.002,589.6,0.006,589.6,0.008,589.6,0.013,589.6,0.015,589.6,0.004,589.6,0.005
590.3,-0.000,590.3,-0.001,590.3,-0.000,590.3,0.002,590.3,0.006,590.3,0.008,590.3,0.012,590.3,0.015,590.3,0.003,590.3,0.004
591.0,-0.000,591.0,0.000,591.0,0.001,591.0,0.003,591.0,0.006,591.0,0.008,591.0,0.011,591.0,0.015,591.0,0.004,591.0,0.005
591.7,-0.001,591.7,0.000,591.7,-0.000,591.7,0.002,591.7,0.005,591.7,0.008,591.7,0.011,591.7,0.014,591.7,0.003,591.7,0.005
592.5,0.000,592.5,0.000,592.5,0.000,592.5,0.002,592.5,0.005,592.5,0.009,592.5,0.012,592.5,0.014,592.5,0.004,592.5,0.005
593.2,-0.000,593.2,0.000,593.2,-0.001,593.2,0.002,593.2,0.004,593.2,0.008,593.2,0.011,593.2,0.013,593.2,0.003,593.2,0.005
593.9,-0.000,593.9,0.000,593.9,0.000,593.9,0.002,593.9,0.004,593.9,0.008,593.9,0.011,593.9,0.013,593.9,0.003,593.9,0.005
594.7,-0.000,594.7,-0.000,594.7,0.001,594.7,0.002,594.7,0.005,594.7,0.008,594.7,0.010,594.7,0.012,594.7,0.003,594.7,0.005
595.4,-0.000,595.4,-0.000,595.4,0.001,595.4,0.001,595.4,0.004,595.4,0.007,595.4,0.010,595.4,0.012,595.4,0.003,595.4,0.005
596.1,-0.000,596.1,-0.001,596.1,-0.000,596.1,0.001,596.1,0.004,596.1,0.007,596.1,0.009,596.1,0.011,596.1,0.002,596.1,0.004
596.8,-0.001,596.8,-0.001,596.8,-0.001,596.8,0.000,596.8,0.004,596.8,0.006,596.8,0.008,596.8,0.011,596.8,0.002,596.8,0.003
597.6,-0.001,597.6,-0.001,597.6,-0.001,597.6,0.001,597.6,0.004,597.6,0.006,597.6,0.008,597.6,0.011,597.6,0.002,597.6,0.003
598.3,-0.001,598.3,-0.000,598.3,0.000,598.3,0.002,598.3,0.004,598.3,0.006,598.3,0.009,598.3,0.011,598.3,0.003,598.3,0.004
599.0,-0.000,599.0,-0.000,599.0,0.000,599.0,0.002,599.0,0.003,599.0,0.006,599.0,0.008,599.0,0.010,599.0,0.003,599.0,0.004
599.7,-0.000,599.7,0.000,599.7,-0.000,599.7,0.002,599.7,0.003,599.7,0.006,599.7,0.008,599.7,0.010,599.7,0.003,599.7,0.004
600.5,-0.000,600.5,0.000,600.5,-0.000,600.5,0.002,600.5,0.004,600.5,0.005,600.5,0.009,600.5,0.009,600.5,0.003,600.5,0.004
601.2,0.000,601.2,0.001,601.2,-0.000,601.2,0.002,601.2,0.004,601.2,0.005,601.2,0.009,601.2,0.009,601.2,0.003,601.2,0.004
601.9,0.000,601.9,0.000,601.9,-0.000,601.9,0.002,601.9,0.005,601.9,0.005,601.9,0.008,601.9,0.010,601.9,0.003,601.9,0.004
602.7,0.001,602.7,-0.000,602.7,-0.000,602.7,0.002,602.7,0.004,602.7,0.005,602.7,0.007,602.7,0.009,602.7,0.002,602.7,0.003
603.4,0.001,603.4,-0.001,603.4,-0.000,603.4,0.002,603.4,0.004,603.4,0.005,603.4,0.007,603.4,0.009,603.4,0.002,603.4,0.003
604.1,-0.000,604.1,-0.001,604.1,0.000,604.1,0.001,604.1,0.003,604.1,0.005,604.1,0.007,604.1,0.009,604.1,0.002,604.1,0.003
604.8,-0.002,604.8,-0.001,604.8,-0.000,604.8,0.001,604.8,0.003,604.8,0.005,604.8,0.006,604.8,0.008,604.8,0.001,604.8,0.002
605.6,-0.002,605.6,-0.001,605.6,-0.000,605.6,0.001,605.6,0.002,605.6,0.005,605.6,0.006,605.6,0.007,605.6,0.001,605.6,0.001
606.3,-0.001,606.3,-0.000,606.3,-0.000,606.3,0.001,606.3,0.003,606.3,0.005,606.3,0.006,606.3,0.007,606.3,0.002,606.3,0.002
607.0,-0.001,607.0,-0.001,607.0,-0.001,607.0,0.000,607.0,0.002,607.0,0.004,607.0,0.006,607.0,0.007,607.0,0.002,607.0,0.002
607.7,-0.001,607.7,-0.001,607.7,-0.001,607.7,0.000,607.7,0.002,607.7,0.003,607.7,0.006,607.7,0.007,607.7,0.002,607.7,0.002
608.5,-0.001,608.5,-0.001,608.5,-0.001,608.5,0.001,608.5,0.002,608.5,0.004,608.5,0.005,608.5,0.007,608.5,0.002,608.5,0.002
609.2,-0.000,609.2,-0.000,609.2,-0.000,609.2,0.002,609.2,0.002,609.2,0.004,609.2,0.005,609.2,0.006,609.2,0.002,609.2,0.002
609.9,-0.001,609.9,-0.001,609.9,-0.001,609.9,0.001,609.9,0.002,609.9,0.003,609.9,0.005,609.9,0.006,609.9,0.001,609.9,0.002
610.7,-0.001,610.7,-0.000,610.7,-0.000,610.7,0.001,610.7,0.003,610.7,0.004,610.7,0.005,610.7,0.006,610.7,0.001,610.7,0.002
611.4,-0.001,611.4,-0.001,611.4,-0.001,611.4,0.000,611.4,0.002,611.4,0.003,611.4,0.005,611.4,0.006,611.4,0.001,611.4,0.002
612.1,-0.000,612.1,-0.001,612.1,-0.000,612.1,0.001,612.1,0.003,612.1,0.004,612.1,0.005,612.1,0.006,612.1,0.001,612.1,0.002
612.8,-0.001,612.8,-0.001,612.8,-0.001,612.8,0.000,612.8,0.003,612.8,0.003,612.8,0.005,612.8,0.006,612.8,0.001,612.8,0.002
613.6,-0.001,613.6,-0.001,613.6,-0.001,613.6,0.001,613.6,0.003,613.6,0.004,613.6,0.006,613.6,0.005,613.6,0.002,613.6,0.002
614.3,-0.001,614.3,-0.002,614.3,-0.001,614.3,-0.000,614.3,0.002,614.3,0.003,614.3,0.005,614.3,0.005,614.3,0.001,614.3,0.002
615.0,-0.001,615.0,-0.002,615.0,-0.001,615.0,-0.001,615.0,0.001,615.0,0.003,615.0,0.005,615.0,0.004,615.0,0.001,615.0,0.001
615.7,-0.001,615.7,-0.001,615.7,-0.001,615.7,-0.001,615.7,0.001,615.7,0.003,615.7,0.004,615.7,0.005,615.7,0.001,615.7,0.001
616.5,-0.001,616.5,-0.001,616.5,-0.001,616.5,-0.000,616.5,0.001,616.5,0.003,616.5,0.004,616.5,0.005,616.5,0.001,616.5,0.000
617.2,-0.001,617.2,-0.001,617.2,-0.001,617.2,0.001,617.2,0.002,617.2,0.003,617.2,0.004,617.2,0.005,617.2,0.001,617.2,0.001
617.9,-0.002,617.9,-0.001,617.9,-0.000,617.9,0.001,617.9,0.002,617.9,0.003,617.9,0.005,617.9,0.004,617.9,0.000,617.9,0.000
618.7,-0.002,618.7,-0.001,618.7,-0.000,618.7,0.001,618.7,0.002,618.7,0.003,618.7,0.004,618.7,0.004,618.7,0.000,618.7,-0.000
619.4,-0.001,619.4,0.000,619.4,-0.000,619.4,0.001,619.4,0.002,619.4,0.003,619.4,0.005,619.4,0.005,619.4,0.000,619.4,0.000
620.1,-0.000,620.1,0.000,620.1,-0.000,620.1,0.001,620.1,0.002,620.1,0.003,620.1,0.004,620.1,0.004,620.1,0.001,620.1,0.001
620.8,-0.000,620.8,-0.000,620.8,-0.000,620.8,0.001,620.8,0.002,620.8,0.003,620.8,0.004,620.8,0.004,620.8,0.001,620.8,0.001
621.6,0.000,621.6,-0.001,621.6,-0.000,621.6,0.001,621.6,0.002,621.6,0.003,621.6,0.004,621.6,0.004,621.6,0.001,621.6,0.001
622.3,0.000,622.3,-0.001,622.3,-0.001,622.3,0.001,622.3,0.002,622.3,0.004,622.3,0.004,622.3,0.003,622.3,0.001,622.3,0.001
623.0,-0.000,623.0,-0.001,623.0,-0.001,623.0,0.000,623.0,0.002,623.0,0.004,623.0,0.004,623.0,0.003,623.0,0.001,623.0,0.001
623.7,-0.001,623.7,-0.000,623.7,-0.000,623.7,-0.000,623.7,0.002,623.7,0.003,623.7,0.004,623.7,0.004,623.7,0.001,623.7,0.002
624.5,0.000,624.5,0.000,624.5,-0.000,624.5,-0.000,624.5,0.001,624.5,0.002,624.5,0.003,624.5,0.004,624.5,0.001,624.5,0.001
625.2,-0.000,625.2,-0.000,625.2,0.001,625.2,0.000,625.2,0.002,625.2,0.003,625.2,0.004,625.2,0.004,625.2,0.001,625.2,0.001
625.9,0.000,625.9,0.000,625.9,0.001,625.9,0.000,625.9,0.002,625.9,0.003,625.9,0.004,625.9,0.004,625.9,0.001,625.9,0.000
626.7,-0.001,626.7,-0.001,626.7,0.000,626.7,0.000,626.7,0.002,626.7,0.003,626.7,0.004,626.7,0.004,626.7,0.000,626.7,0.000
627.4,-0.001,627.4,-0.000,627.4,0.000,627.4,-0.000,627.4,0.001,627.4,0.002,627.4,0.002,627.4,0.003,627.4,0.000,627.4,0.000
628.1,-0.001,628.1,-0.001,628.1,-0.000,628.1,0.001,628.1,0.001,628.1,0.002,628.1,0.002,628.1,0.003,628.1,0.000,628.1,0.001
628.8,0.000,628.8,0.000,628.8,0.000,628.8,0.001,628.8,0.002,628.8,0.003,628.8,0.003,628.8,0.004,628.8,0.001,628.8,0.002
629.6,-0.000,629.6,0.000,629.6,0.000,629.6,0.001,629.6,0.002,629.6,0.003,629.6,0.003,629.6,0.004,629.6,0.000,629.6,0.001
630.3,-0.001,630.3,0.000,630.3,-0.000,630.3,-0.000,630.3,0.001,630.3,0.002,630.3,0.003,630.3,0.003,630.3,-0.001,630.3,0.000
631.0,-0.001,631.0,-0.000,631.0,-0.000,631.0,0.000,631.0,0.001,631.0,0.002,631.0,0.002,631.0,0.002,631.0,-0.000,631.0,0.000
631.7,-0.001,631.7,-0.000,631.7,-0.000,631.7,0.000,631.7,0.001,631.7,0.002,631.7,0.002,631.7,0.002,631.7,-0.000,631.7,0.000
632.5,-0.000,632.5,-0.001,632.5,-0.000,632.5,0.001,632.5,0.001,632.5,0.002,632.5,0.003,632.5,0.002,632.5,0.000,632.5,0.001
633.2,-0.001,633.2,-0.001,633.2,-0.000,633.2,0.000,633.2,0.000,633.2,0.002,633.2,0.002,633.2,0.002,633.2,0.000,633.2,0.001
633.9,-0.000,633.9,-0.000,633.9,0.001,633.9,0.001,633.9,0.001,633.9,0.002,633.9,0.003,633.9,0.003,633.9,0.001,633.9,0.001
634.7,-0.000,634.7,0.000,634.7,0.001,634.7,0.000,634.7,0.001,634.7,0.002,634.7,0.003,634.7,0.003,634.7,0.001,634.7,0.001
635.4,0.000,635.4,-0.000,635.4,0.001,635.4,0.001,635.4,0.001,635.4,0.003,635.4,0.004,635.4,0.003,635.4,0.001,635.4,0.001
636.1,-0.000,636.1,-0.000,636.1,0.001,636.1,0.000,636.1,0.001,636.1,0.002,636.1,0.003,636.1,0.002,636.1,0.001,636.1,0.000
636.8,-0.000,636.8,-0.000,636.8,0.001,636.8,0.000,636.8,0.001,636.8,0.003,636.8,0.003,636.8,0.003,636.8,0.001,636.8,0.001
637.6,-0.000,637.6,-0.000,637.6,0.000,637.6,-0.000,637.6,0.001,637.6,0.002,637.6,0.003,637.6,0.003,637.6,0.001,637.6,0.000
638.3,0.000,638.3,0.000,638.3,0.001,638.3,0.001,638.3,0.002,638.3,0.003,638.3,0.003,638.3,0.003,638.3,0.002,638.3,0.001
639.0,0.000,639.0,0.000,639.0,0.001,639.0,0.000,639.0,0.001,639.0,0.001,639.0,0.003,639.0,0.003,639.0,0.001,639.0,0.000
639.7,-0.000,639.7,-0.000,639.7,0.000,639.7,0.000,639.7,0.000,639.7,0.001,639.7,0.002,639.7,0.002,639.7,0.001,639.7,0.000
640.5,-0.000,640.5,-0.001,640.5,0.000,640.5,0.000,640.5,0.000,640.5,0.001,640.5,0.002,640.5,0.002,640.5,0.001,640.5,-0.000
641.2,-0.000,641.2,-0.000,641.2,0.001,641.2,0.000,641.2,0.001,641.2,0.001,641.2,0.002,641.2,0.002,641.2,0.001,641.2,0.000
641.9,0.001,641.9,0.001,641.9,0.001,641.9,0.000,641.9,0.002,641.9,0.002,641.9,0.003,641.9,0.003,641.9,0.002,641.9,0.001
642.7,0.000,642.7,-0.000,642.7,0.001,642.7,0.000,642.7,0.001,642.7,0.001,642.7,0.002,642.7,0.002,642.7,0.001,642.7,0.001
643.4,0.000,643.4,-0.000,643.4,0.000,643.4,0.000,643.4,0.001,643.4,0.001,643.4,0.001,643.4,0.003,643.4,0.001,643.4,0.002
644.1,-0.001,644.1,-0.000,644.1,-0.000,644.1,0.000,644.1,-0.001,644.1,0.001,644.1,0.001,644.1,0.001,644.1,-0.000,644.1,0.001
644.8,-0.001,644.8,0.000,644.8,0.000,644.8,0.000,644.8,-0.000,644.8,0.001,644.8,0.002,644.8,0.001,644.8,-0.000,644.8,0.001
645.6,-0.000,645.6,0.001,645.6,0.001,645.6,0.001,645.6,0.000,645.6,0.002,645.6,0.002,645.6,0.001,645.6,0.000,645.6,0.001
646.3,0.000,646.3,0.000,646.3,0.001,646.3,0.001,646.3,0.000,646.3,0.002,646.3,0.002,646.3,0.002,646.3,0.001,646.3,0.001
647.0,-0.001,647.0,-0.000,647.0,-0.000,647.0,-0.000,647.0,0.000,647.0,0.002,647.0,0.001,647.0,0.001,647.0,0.000,647.0,0.000
647.7,-0.001,647.7,-0.001,647.7,-0.001,647.7,-0.000,647.7,-0.000,647.7,0.001,647.7,0.001,647.7,0.001,647.7,-0.001,647.7,-0.001
648.5,-0.001,648.5,-0.001,648.5,-0.001,648.5,-0.001,648.5,-0.001,648.5,0.000,648.5,0.001,648.5,0.001,648.5,-0.001,648.5,-0.001
649.2,0.001,649.2,-0.000,649.2,-0.000,649.2,0.000,649.2,0.001,649.2,0.001,649.2,0.002,649.2,0.001,649.2,-0.000,649.2,-0.000
649.9,0.000,649.9,-0.000,649.9,-0.001,649.9,-0.001,649.9,0.000,649.9,0.001,649.9,0.002,649.9,0.002,649.9,-0.000,649.9,0.000
650.7,-0.000,650.7,-0.001,650.7,-0.000,650.7,-0.001,650.7,0.001,650.7,0.001,650.7,0.001,650.7,0.002,650.7,-0.001,650.7,0.000
651.4,-0.001,651.4,-0.001,651.4,-0.001,651.4,-0.001,651.4,-0.000,651.4,0.001,651.4,0.001,651.4,0.002,651.4,-0.001,651.4,-0.000
652.1,-0.001,652.1,-0.000,652.1,-0.000,652.1,-0.001,652.1,0.000,652.1,0.001,652.1,0.001,652.1,0.002,652.1,-0.001,652.1,0.000
652.8,-0.000,652.8,0.000,652.8,0.000,652.8,0.000,652.8,0.000,652.8,0.002,652.8,0.001,652.8,0.002,652.8,0.000,652.8,-0.000
653.6,0.000,653.6,0.001,653.6,0.001,653.6,0.001,653.6,0.000,653.6,0.002,653.6,0.002,653.6,0.002,653.6,0.001,653.6,0.000
654.3,0.000,654.3,0.000,654.3,0.001,654.3,0.000,654.3,-0.000,654.3,0.002,654.3,0.002,654.3,0.001,654.3,0.001,654.3,0.001
655.0,0.000,655.0,-0.001,655.0,0.001,655.0,0.000,655.0,-0.000,655.0,0.001,655.0,0.002,655.0,0.002,655.0,0.001,655.0,0.001
655.7,0.000,655.7,-0.001,655.7,0.001,655.7,-0.000,655.7,-0.000,655.7,0.001,655.7,0.001,655.7,0.002,655.7,0.001,655.7,0.000
656.5,-0.000,656.5,-0.001,656.5,0.000,656.5,-0.000,656.5,-0.001,656.5,0.001,656.5,0.001,656.5,0.002,656.5,0.000,656.5,0.000
657.2,0.000,657.2,-0.000,657.2,0.001,657.2,-0.000,657.2,-0.000,657.2,0.001,657.2,0.002,657.2,0.002,657.2,-0.000,657.2,0.001
657.9,0.001,657.9,-0.000,657.9,-0.000,657.9,0.000,657.9,0.000,657.9,0.001,657.9,0.001,657.9,0.002,657.9,-0.000,657.9,0.001
658.7,0.000,658.7,-0.001,658.7,-0.000,658.7,-0.000,658.7,0.000,658.7,0.001,658.7,0.001,658.7,0.001,658.7,-0.000,658.7,-0.000
659.4,-0.000,659.4,-0.001,659.4,-0.000,659.4,-0.000,659.4,-0.000,659.4,0.001,659.4,0.001,659.4,0.001,659.4,-0.000,659.4,-0.001
660.1,-0.000,660.1,-0.001,660.1,0.001,660.1,-0.001,660.1,-0.000,660.1,0.001,660.1,0.000,660.1,0.001,660.1,-0.001,660.1,-0.001
660.8,0.000,660.8,0.001,660.8,0.000,660.8,-0.001,660.8,0.000,660.8,0.001,660.8,0.001,660.8,0.002,660.8,-0.000,660.8,0.000
661.6,-0.000,661.6,0.000,661.6,-0.000,661.6,-0.001,661.6,0.000,661.6,0.001,661.6,0.000,661.6,0.001,661.6,-0.000,661.6,0.001
662.3,-0.001,662.3,0.001,662.3,-0.000,662.3,-0.000,662.3,0.000,662.3,0.001,662.3,0.001,662.3,0.001,662.3,0.000,662.3,0.001
663.0,-0.001,663.0,0.000,663.0,-0.001,663.0,-0.001,663.0,-0.000,663.0,0.000,663.0,0.001,663.0,0.001,663.0,-0.000,663.0,-0.001
663.7,-0.001,663.7,0.000,663.7,-0.001,663.7,-0.000,663.7,-0.000,663.7,0.000,663.7,0.000,663.7,0.001,663.7,-0.001,663.7,-0.001
664.5,-0.001,664.5,-0.000,664.5,-0.002,664.5,-0.001,664.5,-0.000,664.5,0.000,664.5,-0.000,664.5,0.000,664.5,-0.001,664.5,-0.001
665.2,-0.000,665.2,-0.000,665.2,-0.000,665.2,-0.001,665.2,-0.000,665.2,0.001,665.2,0.000,665.2,0.001,665.2,-0.001,665.2,-0.001
665.9,-0.001,665.9,0.000,665.9,0.001,665.9,-0.001,665.9,0.000,665.9,0.000,665.9,0.001,665.9,0.001,665.9,-0.000,665.9,-0.001
666.7,-0.001,666.7,0.000,666.7,0.001,666.7,-0.001,666.7,0.000,666.7,0.001,666.7,0.001,666.7,0.002,666.7,0.000,666.7,-0.001
667.4,-0.000,667.4,0.000,667.4,0.001,667.4,-0.000,667.4,0.000,667.4,0.001,667.4,0.001,667.4,0.002,667.4,0.000,667.4,-0.001
668.1,0.000,668.1,-0.000,668.1,0.001,668.1,-0.000,668.1,-0.000,668.1,0.002,668.1,0.001,668.1,0.002,668.1,0.000,668.1,-0.001
668.9,-0.001,668.9,-0.000,668.9,0.000,668.9,-0.000,668.9,-0.001,668.9,0.001,668.9,0.001,668.9,0.001,668.9,-0.000,668.9,-0.000
669.6,-0.001,669.6,0.000,669.6,0.001,669.6,0.001,669.6,-0.001,669.6,0.001,669.6,0.001,669.6,0.001,669.6,0.000,669.6,0.000
670.4,-0.001,670.4,-0.000,670.4,-0.000,670.4,0.000,670.4,-0.000,670.4,0.001,670.4,0.000,670.4,0.001,670.4,-0.000,670.4,-0.000
671.2,-0.001,671.2,-0.000,671.2,-0.001,671.2,-0.000,671.2,0.000,671.2,0.000,671.2,0.001,671.2,0.001,671.2,0.000,671.2,0.000
671.9,-0.001,671.9,-0.000,671.9,-0.001,671.9,-0.000,671.9,0.000,671.9,0.001,671.9,0.001,671.9,0.000,671.9,-0.000,671.9,-0.000
672.7,-0.000,672.7,-0.000,672.7,-0.000,672.7,-0.001,672.7,-0.000,672.7,0.001,672.7,0.001,672.7,0.001,672.7,0.000,672.7,0.000
673.4,-0.000,673.4,-0.000,673.4,0.000,673.4,-0.000,673.4,0.000,673.4,0.001,673.4,0.001,673.4,0.001,673.4,0.000,673.4,0.000
674.2,-0.000,674.2,-0.000,674.2,-0.000,674.2,-0.001,674.2,0.001,674.2,0.001,674.2,0.001,674.2,0.001,674.2,0.000,674.2,0.000
674.9,0.000,674.9,-0.000,674.9,0.000,674.9,-0.001,674.9,0.001,674.9,0.001,674.9,0.001,674.9,0.001,674.9,0.001,674.9,0.001
675.7,0.001,675.7,-0.001,675.7,-0.000,675.7,-0.001,675.7,0.001,675.7,0.000,675.7,0.001,675.7,0.001,675.7,0.001,675.7,0.001
676.5,0.000,676.5,-0.001,676.5,0.001,676.5,-0.001,676.5,0.001,676.5,-0.000,676.5,0.001,676.5,0.001,676.5,-0.000,676.5,0.001
677.2,-0.001,677.2,-0.001,677.2,0.001,677.2,-0.001,677.2,-0.000,677.2,0.000,677.2,0.000,677.2,0.000,677.2,-0.000,677.2,-0.000
678.0,-0.001,678.0,-0.000,678.0,0.001,678.0,-0.000,678.0,0.000,678.0,0.001,678.0,0.000,678.0,0.001,678.0,0.000,678.0,-0.000
678.7,-0.000,678.7,0.000,678.7,0.000,678.7,0.000,678.7,-0.001,678.7,0.001,678.7,0.001,678.7,0.000,678.7,0.000,678.7,-0.000
679.5,-0.001,679.5,-0.000,679.5,-0.000,679.5,-0.000,679.5,-0.001,679.5,0.000,679.5,0.001,679.5,0.001,679.5,-0.000,679.5,-0.000
680.2,-0.001,680.2,-0.000,680.2,-0.000,680.2,-0.000,680.2,-0.000,680.2,-0.000,680.2,0.000,680.2,-0.000,680.2,-0.001,680.2,-0.001
681.0,-0.001,681.0,-0.001,681.0,-0.000,681.0,-0.000,681.0,0.000,681.0,-0.000,681.0,-0.000,681.0,0.000,681.0,0.000,681.0,-0.001
681.8,-0.001,681.8,-0.001,681.8,0.000,681.8,-0.000,681.8,0.000,681.8,0.001,681.8,-0.000,681.8,0.000,681.8,0.000,681.8,-0.001
682.5,-0.000,682.5,-0.001,682.5,0.000,682.5,-0.000,682.5,0.000,682.5,0.001,682.5,0.000,682.5,0.001,682.5,0.000,682.5,0.000
683.3,-0.001,683.3,-0.001,683.3,-0.000,683.3,-0.001,683.3,-0.001,683.3,0.001,683.3,0.000,683.3,0.000,683.3,-0.001,683.3,-0.000
684.0,-0.001,684.0,-0.000,684.0,-0.001,684.0,-0.000,684.0,-0.001,684.0,0.001,684.0,0.000,684.0,0.000,684.0,0.000,684.0,0.000
684.8,-0.002,684.8,-0.001,684.8,-0.002,684.8,-0.000,684.8,-0.001,684.8,0.000,684.8,-0.001,684.8,-0.000,684.8,-0.001,684.8,-0.001
685.5,-0.001,685.5,-0.001,685.5,-0.001,685.5,0.000,685.5,-0.000,685.5,0.001,685.5,-0.000,685.5,0.000,685.5,0.000,685.5,0.000
686.3,-0.000,686.3,-0.001,686.3,-0.001,686.3,0.000,686.3,-0.000,686.3,0.001,686.3,0.001,686.3,0.000,686.3,-0.000,686.3,-0.000
687.1,0.000,687.1,-0.000,687.1,0.000,687.1,0.000,687.1,0.000,687.1,0.001,687.1,0.002,687.1,0.001,687.1,0.001,687.1,0.001
687.8,-0.000,687.8,-0.001,687.8,-0.000,687.8,0.000,687.8,-0.000,687.8,0.001,687.8,0.001,687.8,0.001,687.8,-0.000,687.8,0.000
688.6,-0.000,688.6,-0.000,688.6,0.000,688.6,0.001,688.6,0.000,688.6,0.001,688.6,0.001,688.6,0.000,688.6,0.000,688.6,0.000
689.3,-0.001,689.3,-0.000,689.3,-0.001,689.3,0.001,689.3,0.000,689.3,0.001,689.3,0.001,689.3,0.000,689.3,-0.000,689.3,-0.000
690.1,-0.001,690.1,0.000,690.1,0.000,690.1,0.001,690.1,0.000,690.1,0.001,690.1,0.001,690.1,0.001,690.1,0.000,690.1,-0.000
690.8,-0.001,690.8,-0.000,690.8,-0.001,690.8,0.001,690.8,0.001,690.8,0.001,690.8,0.000,690.8,0.001,690.8,-0.000,690.8,-0.000
691.6,-0.001,691.6,-0.000,691.6,-0.000,691.6,0.001,691.6,0.000,691.6,0.001,691.6,0.000,691.6,0.000,691.6,-0.000,691.6,-0.000
692.4,-0.001,692.4,-0.000,692.4,-0.001,692.4,-0.000,692.4,-0.000,692.4,0.000,692.4,0.000,692.4,-0.000,692.4,-0.000,692.4,-0.001
693.1,-0.000,693.1,-0.001,693.1,-0.000,693.1,-0.000,693.1,-0.000,693.1,0.000,693.1,0.001,693.1,0.000,693.1,-0.000,693.1,-0.001
693.9,0.000,693.9,-0.001,693.9,0.000,693.9,0.001,693.9,0.000,693.9,0.001,693.9,0.001,693.9,0.000,693.9,0.000,693.9,-0.001
694.6,0.001,694.6,-0.001,694.6,0.000,694.6,0.001,694.6,0.001,694.6,0.001,694.6,0.002,694.6,0.000,694.6,0.001,694.6,-0.001
695.4,0.000,695.4,-0.001,695.4,0.000,695.4,0.001,695.4,0.000,695.4,0.001,695.4,0.002,695.4,0.001,695.4,0.001,695.4,-0.001
696.1,-0.000,696.1,-0.001,696.1,-0.000,696.1,-0.000,696.1,-0.000,696.1,0.001,696.1,0.002,696.1,0.001,696.1,0.001,696.1,-0.000
696.9,-0.000,696.9,-0.001,696.9,-0.001,696.9,-0.000,696.9,-0.000,696.9,0.001,696.9,0.001,696.9,0.000,696.9,0.000,696.9,-0.000
697.7,-0.001,697.7,-0.001,697.7,-0.001,697.7,-0.001,697.7,-0.001,697.7,0.000,697.7,0.000,697.7,-0.001,697.7,-0.001,697.7,-0.000
698.4,-0.001,698.4,-0.001,698.4,-0.001,698.4,-0.001,698.4,-0.000,698.4,-0.000,698.4,-0.001,698.4,-0.001,698.4,-0.001,698.4,-0.001
699.2,-0.001,699.2,-0.001,699.2,-0.000,699.2,0.000,699.2,-0.000,699.2,0.000,699.2,-0.001,699.2,-0.000,699.2,-0.001,699.2,-0.001
699.9,-0.001,699.9,-0.001,699.9,-0.000,699.9,0.000,699.9,-0.001,699.9,-0.000,699.9,-0.001,699.9,-0.000,699.9,-0.000,699.9,-0.001
700.7,-0.001,700.7,-0.001,700.7,-0.000,700.7,-0.000,700.7,-0.000,700.7,0.000,700.7,-0.001,700.7,0.000,700.7,-0.000,700.7,0.000
701.4,-0.001,701.4,-0.001,701.4,-0.001,701.4,-0.000,701.4,-0.000,701.4,0.000,701.4,-0.001,701.4,-0.000,701.4,-0.000,701.4,0.000
702.2,-0.001,702.2,-0.000,702.2,-0.001,702.2,-0.001,702.2,-0.000,702.2,0.000,702.2,-0.001,702.2,-0.000,702.2,-0.000,702.2,-0.000
703.0,-0.002,703.0,-0.000,703.0,-0.001,703.0,-0.001,703.0,-0.001,703.0,0.000,703.0,0.000,703.0,0.000,703.0,0.000,703.0,0.000
703.7,-0.002,703.7,-0.001,703.7,-0.000,703.7,-0.001,703.7,-0.001,703.7,0.001,703.7,0.001,703.7,0.001,703.7,-0.000,703.7,0.000
704.5,-0.000,704.5,-0.001,704.5,-0.000,704.5,-0.001,704.5,-0.001,704.5,0.001,704.5,0.001,704.5,0.001,704.5,0.000,704.5,0.001
705.2,-0.000,705.2,-0.001,705.2,0.000,705.2,-0.000,705.2,-0.000,705.2,0.001,705.2,0.001,705.2,0.000,705.2,0.000,705.2,0.000
706.0,-0.000,706.0,-0.001,706.0,-0.000,706.0,-0.000,706.0,0.000,706.0,0.000,706.0,0.001,706.0,0.000,706.0,-0.000,706.0,0.000
706.8,-0.001,706.8,-0.001,706.8,-0.000,706.8,0.001,706.8,0.000,706.8,0.000,706.8,0.001,706.8,0.000,706.8,-0.000,706.8,-0.000
707.5,0.000,707.5,-0.000,707.5,-0.000,707.5,0.000,707.5,0.000,707.5,0.001,707.5,0.001,707.5,0.001,707.5,-0.000,707.5,-0.000
708.3,-0.000,708.3,-0.000,708.3,0.000,708.3,0.000,708.3,-0.000,708.3,0.001,708.3,0.001,708.3,0.001,708.3,0.000,708.3,0.000
709.1,-0.000,709.1,-0.000,709.1,0.000,709.1,-0.000,709.1,0.000,709.1,0.001,709.1,0.002,709.1,0.001,709.1,0.000,709.1,-0.000
709.8,-0.000,709.8,0.000,709.8,0.001,709.8,0.000,709.8,0.001,709.8,0.001,709.8,0.002,709.8,0.001,709.8,0.000,709.8,0.000
710.6,0.000,710.6,0.001,710.6,0.001,710.6,0.000,710.6,0.000,710.6,0.001,710.6,0.002,710.6,0.001,710.6,0.001,710.6,0.000
711.4,0.000,711.4,0.000,711.4,0.001,711.4,0.001,711.4,0.000,711.4,0.001,711.4,0.001,711.4,0.001,711.4,0.001,711.4,0.001
712.2,0.000,712.2,-0.000,712.2,0.001,712.2,0.000,712.2,0.000,712.2,0.001,712.2,0.001,712.2,0.001,712.2,0.001,712.2,0.001
712.9,0.000,712.9,-0.000,712.9,0.000,712.9,0.000,712.9,0.001,712.9,0.001,712.9,0.001,712.9,0.001,712.9,-0.000,712.9,0.001
713.7,0.000,713.7,0.000,713.7,-0.000,713.7,-0.000,713.7,0.001,713.7,0.001,713.7,0.001,713.7,0.001,713.7,-0.001,713.7,0.000
714.5,0.001,714.5,0.001,714.5,0.000,714.5,-0.000,714.5,0.001,714.5,0.000,714.5,0.001,714.5,0.001,714.5,-0.000,714.5,0.001
715.2,0.000,715.2,0.000,715.2,-0.000,715.2,-0.001,715.2,0.000,715.2,0.001,715.2,0.001,715.2,0.000,715.2,0.000,715.2,-0.000
716.0,-0.000,716.0,-0.000,716.0,-0.000,716.0,-0.000,716.0,0.000,716.0,0.001,716.0,0.001,716.0,0.000,716.0,0.000,716.0,-0.000
716.8,-0.001,716.8,-0.001,716.8,-0.001,716.8,-0.000,716.8,-0.000,716.8,0.001,716.8,0.001,716.8,0.000,716.8,-0.000,716.8,-0.001
717.6,-0.000,717.6,-0.001,717.6,-0.000,717.6,-0.000,717.6,0.000,717.6,0.001,717.6,0.001,717.6,0.000,717.6,-0.000,717.6,-0.001
718.3,-0.001,718.3,-0.002,718.3,-0.000,718.3,-0.001,718.3,-0.000,718.3,0.000,718.3,0.000,718.3,0.001,718.3,-0.001,718.3,-0.001
719.1,-0.000,719.1,-0.001,719.1,0.000,719.1,-0.000,719.1,0.000,719.1,0.000,719.1,0.000,719.1,0.000,719.1,-0.000,719.1,-0.001
719.9,0.000,719.9,-0.000,719.9,0.000,719.9,0.000,719.9,-0.000,719.9,0.000,719.9,0.001,719.9,0.001,719.9,0.000,719.9,-0.001
720.6,0.001,720.6,0.000,720.6,0.000,720.6,0.001,720.6,0.000,720.6,0.001,720.6,0.001,720.6,0.000,720.6,0.000,720.6,-0.001
721.4,0.000,721.4,-0.001,721.4,0.000,721.4,-0.000,721.4,-0.001,721.4,0.001,721.4,0.000,721.4,0.000,721.4,-0.000,721.4,-0.001
722.2,-0.001,722.2,-0.000,722.2,-0.000,722.2,0.000,722.2,-0.000,722.2,0.000,722.2,0.000,722.2,-0.000,722.2,-0.000,722.2,-0.001
723.0,-0.001,723.0,-0.000,723.0,-0.000,723.0,0.000,723.0,-0.000,723.0,0.000,723.0,0.000,723.0,0.000,723.0,-0.000,723.0,-0.001
723.7,-0.001,723.7,0.000,723.7,0.000,723.7,0.001,723.7,0.000,723.7,-0.000,723.7,0.000,723.7,-0.000,723.7,-0.000,723.7,-0.001
724.5,-0.000,724.5,-0.000,724.5,-0.000,724.5,0.001,724.5,-0.000,724.5,-0.000,724.5,-0.000,724.5,-0.000,724.5,-0.000,724.5,-0.000
725.3,-0.000,725.3,-0.000,725.3,0.000,725.3,0.000,725.3,-0.000,725.3,-0.001,725.3,-0.000,725.3,-0.000,725.3,0.000,725.3,0.000
726.0,-0.001,726.0,-0.000,726.0,-0.001,726.0,0.000,726.0,-0.001,726.0,0.000,726.0,0.000,726.0,0.000,726.0,0.000,726.0,-0.000
726.8,-0.001,726.8,-0.001,726.8,-0.000,726.8,-0.001,726.8,-0.001,726.8,-0.001,726.8,0.000,726.8,-0.000,726.8,-0.000,726.8,-0.001
727.6,-0.001,727.6,-0.001,727.6,-0.001,727.6,-0.001,727.6,-0.001,727.6,-0.000,727.6,0.001,727.6,0.000,727.6,-0.001,727.6,-0.001
728.4,-0.001,728.4,-0.001,728.4,-0.000,728.4,-0.001,728.4,-0.001,728.4,0.000,728.4,0.000,728.4,-0.000,728.4,-0.000,728.4,-0.001
729.1,-0.001,729.1,-0.001,729.1,-0.000,729.1,-0.001,729.1,-0.000,729.1,0.000,729.1,0.000,729.1,-0.000,729.1,0.000,729.1,-0.001
729.9,-0.001,729.9,-0.001,729.9,0.000,729.9,-0.001,729.9,-0.000,729.9,0.001,729.9,0.000,729.9,0.000,729.9,0.001,729.9,-0.000
730.7,-0.000,730.7,-0.002,730.7,-0.000,730.7,-0.001,730.7,0.000,730.7,0.000,730.7,0.000,730.7,-0.000,730.7,-0.000,730.7,-0.001
731.4,-0.000,731.4,-0.001,731.4,0.000,731.4,-0.001,731.4,0.001,731.4,0.001,731.4,0.000,731.4,0.000,731.4,-0.000,731.4,0.000
732.2,-0.000,732.2,-0.001,732.2,0.001,732.2,-0.000,732.2,0.001,732.2,0.000,732.2,0.000,732.2,0.000,732.2,-0.001,732.2,-0.000
733.0,-0.001,733.0,-0.000,733.0,0.001,733.0,0.000,733.0,0.001,733.0,0.000,733.0,0.000,733.0,0.001,733.0,-0.001,733.0,0.000
733.8,-0.001,733.8,-0.000,733.8,0.000,733.8,-0.000,733.8,0.000,733.8,-0.001,733.8,-0.000,733.8,-0.000,733.8,-0.001,733.8,-0.001
734.5,-0.001,734.5,-0.000,734.5,-0.000,734.5,-0.001,734.5,-0.000,734.5,-0.001,734.5,0.000,734.5,-0.000,734.5,-0.000,734.5,-0.001
735.3,-0.001,735.3,0.000,735.3,0.000,735.3,-0.001,735.3,0.000,735.3,-0.001,735.3,0.000,735.3,-0.000,735.3,0.000,735.3,-0.001
736.1,0.000,736.1,0.001,736.1,0.001,736.1,-0.000,736.1,0.000,736.1,-0.000,736.1,0.001,736.1,0.001,736.1,0.000,736.1,-0.001
736.8,0.001,736.8,0.001,736.8,0.001,736.8,0.000,736.8,0.000,736.8,0.000,736.8,0.001,736.8,0.001,736.8,-0.000,736.8,-0.000
737.6,0.001,737.6,0.001,737.6,0.001,737.6,0.001,737.6,0.001,737.6,0.001,737.6,0.001,737.6,0.001,737.6,-0.000,737.6,0.000
738.4,-0.000,738.4,0.000,738.4,0.001,738.4,0.000,738.4,0.000,738.4,0.001,738.4,0.001,738.4,0.000,738.4,-0.000,738.4,-0.000
739.2,-0.000,739.2,0.000,739.2,0.000,739.2,0.000,739.2,0.000,739.2,0.001,739.2,0.001,739.2,0.000,739.2,0.000,739.2,-0.000
739.9,-0.001,739.9,-0.001,739.9,0.000,739.9,-0.000,739.9,-0.000,739.9,0.001,739.9,0.000,739.9,-0.000,739.9,0.000,739.9,-0.000
740.7,-0.001,740.7,-0.000,740.7,0.000,740.7,-0.000,740.7,-0.000,740.7,0.000,740.7,0.001,740.7,0.000,740.7,0.001,740.7,-0.000
741.5,-0.001,741.5,-0.001,741.5,0.000,741.5,-0.001,741.5,-0.001,741.5,0.000,741.5,-0.000,741.5,-0.001,741.5,-0.001,741.5,-0.001
742.2,-0.001,742.2,-0.001,742.2,-0.000,742.2,-0.001,742.2,-0.001,742.2,-0.000,742.2,-0.000,742.2,-0.001,742.2,-0.001,742.2,-0.000
743.0,-0.001,743.0,-0.001,743.0,-0.000,743.0,-0.000,743.0,-0.001,743.0,-0.000,743.0,0.000,743.0,-0.001,743.0,-0.001,743.0,-0.001
743.8,-0.000,743.8,-0.000,743.8,-0.000,743.8,0.000,743.8,-0.000,743.8,-0.000,743.8,0.000,743.8,-0.000,743.8,-0.001,743.8,-0.000
744.6,-0.000,744.6,-0.000,744.6,-0.001,744.6,-0.000,744.6,-0.000,744.6,-0.000,744.6,0.000,744.6,0.000,744.6,-0.001,744.6,-0.000
745.3,0.000,745.3,0.000,745.3,-0.000,745.3,-0.001,745.3,-0.000,745.3,0.000,745.3,0.000,745.3,0.000,745.3,-0.000,745.3,-0.000
746.1,0.001,746.1,-0.000,746.1,-0.000,746.1,-0.001,746.1,0.001,746.1,0.000,746.1,0.001,746.1,0.000,746.1,0.001,746.1,-0.000
746.9,-0.000,746.9,-0.000,746.9,0.000,746.9,-0.001,746.9,0.000,746.9,0.000,746.9,0.001,746.9,-0.000,746.9,0.000,746.9,-0.001
747.6,-0.001,747.6,0.000,747.6,0.000,747.6,-0.001,747.6,0.000,747.6,0.000,747.6,0.000,747.6,0.000,747.6,-0.000,747.6,-0.000
748.4,-0.001,748.4,-0.000,748.4,0.000,748.4,-0.001,748.4,-0.000,748.4,-0.000,748.4,0.000,748.4,0.001,748.4,-0.000,748.4,-0.000
749.2,-0.000,749.2,-0.001,749.2,0.001,749.2,-0.001,749.2,0.000,749.2,0.000,749.2,0.001,749.2,0.000,749.2,0.000,749.2,-0.000
750.0,-0.000,750.0,-0.001,750.0,0.001,750.0,-0.000,750.0,0.000,750.0,0.000,750.0,0.001,750.0,0.000,750.0,0.000,750.0,-0.001
750.7,-0.000,750.7,-0.001,750.7,0.001,750.7,0.000,750.7,-0.000,750.7,0.000,750.7,0.000,750.7,0.000,750.7,0.000,750.7,-0.001
751.5,-0.000,751.5,0.000,751.5,0.000,751.5,0.000,751.5,-0.000,751.5,0.000,751.5,0.000,751.5,0.000,751.5,-0.000,751.5,-0.001
752.3,0.000,752.3,-0.001,752.3,-0.001,752.3,0.000,752.3,-0.001,752.3,0.000,752.3,-0.000,752.3,0.000,752.3,-0.000,752.3,-0.000
753.0,-0.000,753.0,-0.001,753.0,-0.000,753.0,0.000,753.0,-0.000,753.0,-0.001,753.0,0.000,753.0,0.000,753.0,0.000,753.0,0.000
753.8,0.000,753.8,-0.001,753.8,0.000,753.8,0.001,753.8,-0.000,753.8,-0.001,753.8,0.000,753.8,0.000,753.8,0.001,753.8,-0.000
754.6,-0.001,754.6,-0.001,754.6,-0.000,754.6,-0.001,754.6,-0.000,754.6,-0.001,754.6,-0.000,754.6,-0.001,754.6,-0.000,754.6,-0.001
755.4,-0.000,755.4,-0.001,755.4,-0.000,755.4,-0.001,755.4,-0.000,755.4,-0.001,755.4,-0.001,755.4,-0.001,755.4,-0.000,755.4,-0.001
756.1,-0.001,756.1,-0.001,756.1,-0.000,756.1,-0.002,756.1,-0.001,756.1,-0.001,756.1,-0.001,756.1,-0.001,756.1,-0.001,756.1,-0.000
756.9,-0.001,756.9,-0.000,756.9,0.000,756.9,-0.001,756.9,-0.000,756.9,0.000,756.9,-0.001,756.9,-0.000,756.9,-0.001,756.9,-0.001
757.7,-0.001,757.7,-0.000,757.7,0.000,757.7,-0.000,757.7,0.000,757.7,0.001,757.7,0.000,757.7,0.000,757.7,-0.001,757.7,-0.001
758.4,-0.000,758.4,-0.001,758.4,0.000,758.4,-0.000,758.4,-0.000,758.4,0.001,758.4,0.000,758.4,0.000,758.4,-0.001,758.4,-0.001
759.2,0.000,759.2,-0.000,759.2,0.000,759.2,0.000,759.2,-0.000,759.2,0.001,759.2,0.001,759.2,0.000,759.2,-0.001,759.2,-0.001
760.0,0.000,760.0,-0.001,760.0,0.000,760.0,-0.001,760.0,-0.000,760.0,0.001,760.0,0.000,760.0,-0.000,760.0,-0.001,760.0,-0.001
760.8,-0.000,760.8,-0.000,760.8,0.001,760.8,-0.000,760.8,-0.000,760.8,0.001,760.8,0.001,760.8,0.001,760.8,-0.000,760.8,-0.000
761.5,-0.001,761.5,-0.001,761.5,0.001,761.5,-0.001,761.5,-0.001,761.5,0.001,761.5,-0.000,761.5,0.000,761.5,0.000,761.5,-0.001
762.3,-0.001,762.3,0.000,762.3,0.001,762.3,-0.000,762.3,-0.000,762.3,0.001,762.3,0.000,762.3,0.001,762.3,0.000,762.3,0.000
763.1,0.000,763.1,0.000,763.1,0.000,763.1,-0.000,763.1,0.000,763.1,0.000,763.1,-0.000,763.1,0.000,763.1,0.000,763.1,-0.000
763.8,0.000,763.8,-0.000,763.8,-0.000,763.8,0.000,763.8,0.001,763.8,0.000,763.8,0.000,763.8,0.000,763.8,-0.001,763.8,-0.000
764.6,-0.001,764.6,-0.001,764.6,-0.001,764.6,-0.001,764.6,-0.000,764.6,-0.000,764.6,-0.001,764.6,-0.000,764.6,-0.001,764.6,-0.001
765.4,-0.001,765.4,-0.001,765.4,-0.001,765.4,-0.001,765.4,-0.000,765.4,-0.000,765.4,-0.001,765.4,-0.001,765.4,-0.001,765.4,-0.001
766.2,-0.001,766.2,0.000,766.2,0.000,766.2,-0.001,766.2,-0.000,766.2,-0.000,766.2,-0.000,766.2,-0.000,766.2,-0.000,766.2,-0.001
766.9,-0.001,766.9,-0.000,766.9,0.000,766.9,-0.001,766.9,-0.000,766.9,0.000,766.9,-0.000,766.9,-0.001,766.9,-0.001,766.9,-0.001
767.7,-0.000,767.7,-0.000,767.7,0.000,767.7,-0.000,767.7,0.000,767.7,0.000,767.7,-0.001,767.7,-0.000,767.7,0.000,767.7,-0.001
768.5,-0.000,768.5,-0.001,768.5,0.000,768.5,-0.000,768.5,-0.000,768.5,0.001,768.5,0.000,768.5,0.000,768.5,0.000,768.5,-0.001
769.2,0.000,769.2,-0.001,769.2,0.001,769.2,-0.000,769.2,-0.001,769.2,0.001,769.2,0.001,769.2,0.001,769.2,0.001,769.2,-0.000
770.0,-0.001,770.0,-0.000,770.0,0.000,770.0,-0.001,770.0,-0.001,770.0,0.001,770.0,0.001,770.0,-0.000,770.0,0.000,770.0,-0.001
770.8,-0.001,770.8,-0.001,770.8,-0.000,770.8,-0.001,770.8,-0.001,770.8,0.001,770.8,0.000,770.8,-0.000,770.8,-0.000,770.8,-0.001
771.6,-0.001,771.6,-0.000,771.6,0.000,771.6,-0.000,771.6,-0.001,771.6,0.000,771.6,0.000,771.6,0.000,771.6,0.000,771.6,-0.001
772.3,0.000,772.3,-0.000,772.3,0.000,772.3,0.000,772.3,-0.000,772.3,0.000,772.3,0.000,772.3,0.001,772.3,0.000,772.3,-0.000
773.1,-0.000,773.1,-0.000,773.1,0.001,773.1,0.000,773.1,-0.000,773.1,-0.000,773.1,-0.000,773.1,0.001,773.1,0.000,773.1,-0.001
773.9,-0.000,773.9,-0.000,773.9,0.001,773.9,-0.000,773.9,0.001,773.9,0.000,773.9,-0.001,773.9,0.001,773.9,0.001,773.9,-0.001
774.7,-0.001,774.7,-0.000,774.7,0.000,774.7,-0.000,774.7,0.001,774.7,-0.000,774.7,-0.000,774.7,0.000,774.7,0.001,774.7,-0.001
775.4,-0.000,775.4,-0.000,775.4,-0.000,775.4,-0.001,775.4,0.001,775.4,0.000,775.4,0.000,775.4,0.000,775.4,0.000,775.4,-0.001
776.2,-0.001,776.2,-0.000,776.2,-0.001,776.2,-0.001,776.2,-0.000,776.2,0.000,776.2,0.001,776.2,-0.000,776.2,0.001,776.2,-0.000
777.0,-0.001,777.0,-0.001,777.0,-0.001,777.0,-0.002,777.0,-0.001,777.0,0.000,777.0,-0.000,777.0,-0.000,777.0,-0.000,777.0,-0.000
777.7,-0.001,777.7,-0.001,777.7,-0.000,777.7,-0.002,777.7,-0.001,777.7,-0.000,777.7,-0.000,777.7,0.000,777.7,-0.000,777.7,-0.000
778.5,-0.002,778.5,-0.002,778.5,0.001,778.5,-0.001,778.5,-0.001,778.5,-0.001,778.5,-0.001,778.5,-0.000,778.5,-0.001,778.5,-0.000
779.3,-0.001,779.3,-0.001,779.3,0.000,779.3,-0.001,779.3,-0.001,779.3,-0.001,779.3,0.000,779.3,0.000,779.3,-0.001,779.3,-0.001
780.1,-0.001,780.1,-0.001,780.1,-0.000,780.1,-0.001,780.1,-0.001,780.1,-0.001,780.1,0.000,780.1,-0.000,780.1,-0.001,780.1,-0.001
780.8,-0.001,780.8,-0.001,780.8,-0.001,780.8,-0.002,780.8,-0.001,780.8,-0.001,780.8,-0.000,780.8,-0.001,780.8,-0.001,780.8,-0.001
781.6,-0.001,781.6,-0.001,781.6,-0.000,781.6,-0.001,781.6,-0.000,781.6,0.000,781.6,0.000,781.6,0.000,781.6,-0.000,781.6,-0.000
782.4,-0.001,782.4,-0.000,782.4,0.000,782.4,-0.001,782.4,-0.000,782.4,0.001,782.4,0.001,782.4,0.001,782.4,-0.000,782.4,-0.000
783.1,-0.000,783.1,-0.000,783.1,0.000,783.1,-0.000,783.1,-0.000,783.1,0.001,783.1,0.001,783.1,0.001,783.1,-0.000,783.1,-0.000
783.9,0.000,783.9,0.000,783.9,0.000,783.9,-0.000,783.9,-0.000,783.9,0.001,783.9,0.001,783.9,0.001,783.9,-0.000,783.9,-0.001
784.7,0.001,784.7,-0.000,784.7,0.000,784.7,-0.000,784.7,-0.000,784.7,0.001,784.7,0.001,784.7,0.001,784.7,0.000,784.7,-0.001
785.5,0.000,785.5,-0.000,785.5,-0.000,785.5,-0.001,785.5,-0.001,785.5,-0.000,785.5,0.001,785.5,0.001,785.5,-0.000,785.5,-0.001
786.2,-0.001,786.2,-0.000,786.2,0.000,786.2,-0.001,786.2,-0.001,786.2,-0.001,786.2,-0.001,786.2,-0.001,786.2,-0.001,786.2,-0.000
787.0,-0.002,787.0,-0.001,787.0,-0.001,787.0,-0.001,787.0,-0.000,787.0,-0.001,787.0,-0.001,787.0,-0.001,787.0,-0.001,787.0,-0.001
787.8,-0.001,787.8,-0.001,787.8,-0.001,787.8,-0.000,787.8,0.000,787.8,0.000,787.8,-0.000,787.8,-0.001,787.8,-0.001,787.8,-0.001
788.5,-0.001,788.5,-0.001,788.5,-0.001,788.5,-0.000,788.5,-0.001,788.5,-0.000,788.5,-0.000,788.5,-0.001,788.5,-0.001,788.5,-0.002
789.3,-0.000,789.3,-0.001,789.3,-0.001,789.3,-0.000,789.3,-0.001,789.3,0.000,789.3,-0.000,789.3,-0.001,789.3,-0.001,789.3,-0.001
790.1,-0.000,790.1,-0.000,790.1,-0.001,790.1,-0.000,790.1,-0.001,790.1,0.000,790.1,-0.000,790.1,-0.001,790.1,-0.001,790.1,-0.000
790.9,-0.000,790.9,0.000,790.9,-0.000,790.9,-0.001,790.9,-0.001,790.9,0.001,790.9,-0.000,790.9,-0.001,790.9,-0.001,790.9,-0.000
791.6,0.000,791.6,0.000,791.6,0.000,791.6,-0.000,791.6,-0.000,791.6,0.001,791.6,-0.000,791.6,-0.000,791.6,-0.000,791.6,0.000
792.4,0.000,792.4,-0.000,792.4,0.000,792.4,-0.001,792.4,-0.000,792.4,0.000,792.4,0.000,792.4,0.000,792.4,0.000,792.4,-0.001
793.2,-0.000,793.2,-0.000,793.2,0.000,793.2,-0.001,793.2,-0.000,793.2,0.000,793.2,0.000,793.2,0.001,793.2,-0.000,793.2,-0.001
793.9,-0.001,793.9,-0.000,793.9,0.000,793.9,-0.001,793.9,-0.000,793.9,-0.000,793.9,0.001,793.9,0.000,793.9,-0.001,793.9,-0.001
794.7,-0.001,794.7,-0.001,794.7,-0.001,794.7,-0.001,794.7,-0.001,794.7,-0.000,794.7,0.000,794.7,-0.000,794.7,-0.001,794.7,-0.001
795.5,-0.000,795.5,-0.000,795.5,-0.000,795.5,-0.001,795.5,0.000,795.5,0.000,795.5,0.000,795.5,0.000,795.5,-0.001,795.5,-0.001
796.3,0.000,796.3,-0.000,796.3,-0.000,796.3,-0.000,796.3,0.000,796.3,0.001,796.3,-0.000,796.3,0.001,796.3,-0.001,796.3,-0.001
797.0,-0.000,797.0,-0.000,797.0,-0.000,797.0,-0.000,797.0,0.001,797.0,0.001,797.0,0.000,797.0,0.001,797.0,-0.000,797.0,-0.001
797.8,-0.001,797.8,-0.001,797.8,-0.001,797.8,-0.001,797.8,-0.000,797.8,0.001,797.8,-0.001,797.8,0.000,797.8,0.000,797.8,-0.001
798.6,-0.001,798.6,-0.001,798.6,-0.001,798.6,-0.001,798.6,-0.000,798.6,0.001,798.6,-0.000,798.6,-0.000,798.6,0.000,798.6,-0.001
799.3,-0.001,799.3,-0.002,799.3,-0.001,799.3,-0.001,799.3,-0.001,799.3,0.000,799.3,-0.001,799.3,-0.001,799.3,-0.000,799.3,-0.001
800.1,-0.001,800.1,-0.001,800.1,-0.001,800.1,-0.000,800.1,-0.001,800.1,0.000,800.1,-0.000,800.1,-0.001,800.1,-0.001,800.1,-0.001
800.9,-0.001,800.9,-0.001,800.9,-0.001,800.9,-0.000,800.9,-0.002,800.9,-0.001,800.9,-0.000,800.9,-0.001,800.9,-0.001,800.9,-0.001
801.7,-0.002,801.7,-0.001,801.7,-0.001,801.7,0.001,801.7,-0.001,801.7,0.000,801.7,0.000,801.7,-0.000,801.7,0.000,801.7,0.000
802.4,-0.001,802.4,-0.000,802.4,-0.000,802.4,0.000,802.4,-0.000,802.4,0.001,802.4,0.000,802.4,0.000,802.4,0.001,802.4,0.000
803.2,-0.000,803.2,0.000,803.2,0.001,803.2,0.000,803.2,0.001,803.2,0.002,803.2,0.000,803.2,0.001,803.2,0.001,803.2,0.000
804.0,0.000,804.0,0.001,804.0,0.000,804.0,-0.000,804.0,0.001,804.0,0.001,804.0,0.001,804.0,0.001,804.0,0.001,804.0,0.000
804.7,0.000,804.7,0.001,804.7,-0.000,804.7,0.000,804.7,0.000,804.7,0.001,804.7,0.000,804.7,0.001,804.7,0.000,804.7,0.000
805.5,-0.000,805.5,0.000,805.5,-0.001,805.5,-0.000,805.5,-0.000,805.5,0.001,805.5,0.000,805.5,-0.000,805.5,-0.001,805.5,0.000
806.3,-0.001,806.3,-0.001,806.3,-0.001,806.3,-0.000,806.3,-0.001,806.3,0.001,806.3,-0.000,806.3,-0.001,806.3,-0.001,806.3,-0.001
807.1,-0.001,807.1,-0.001,807.1,-0.001,807.1,-0.001,807.1,-0.002,807.1,0.000,807.1,-0.000,807.1,-0.001,807.1,-0.001,807.1,-0.001
807.8,-0.002,807.8,-0.001,807.8,-0.001,807.8,-0.002,807.8,-0.002,807.8,-0.001,807.8,-0.001,807.8,-0.001,807.8,-0.001,807.8,-0.001
808.6,-0.002,808.6,-0.001,808.6,-0.001,808.6,-0.001,808.6,-0.001,808.6,-0.000,808.6,-0.001,808.6,-0.001,808.6,-0.001,808.6,-0.001
809.4,-0.002,809.4,-0.000,809.4,-0.000,809.4,-0.000,809.4,-0.001,809.4,0.000,809.4,-0.000,809.4,-0.000,809.4,-0.001,809.4,-0.001
810.1,-0.001,810.1,0.000,810.1,-0.000,810.1,0.000,810.1,-0.001,810.1,-0.000,810.1,-0.000,810.1,0.000,810.1,-0.000,810.1,-0.001
810.9,-0.000,810.9,-0.000,810.9,-0.000,810.9,-0.000,810.9,-0.000,810.9,-0.000,810.9,-0.000,810.9,-0.000,810.9,-0.000,810.9,-0.001
811.7,-0.001,811.7,-0.001,811.7,-0.000,811.7,-0.001,811.7,-0.001,811.7,-0.000,811.7,0.000,811.7,-0.000,811.7,-0.001,811.7,-0.001
812.5,0.000,812.5,-0.001,812.5,0.000,812.5,-0.001,812.5,-0.000,812.5,0.001,812.5,0.000,812.5,0.000,812.5,-0.000,812.5,-0.000
813.2,-0.000,813.2,-0.001,813.2,-0.000,813.2,-0.001,813.2,-0.000,813.2,0.001,813.2,-0.000,813.2,-0.000,813.2,-0.000,813.2,-0.000
814.0,-0.000,814.0,-0.001,814.0,-0.000,814.0,-0.001,814.0,0.000,814.0,0.001,814.0,-0.000,814.0,-0.000,814.0,0.000,814.0,-0.000
814.8,0.000,814.8,-0.000,814.8,0.001,814.8,-0.001,814.8,0.000,814.8,0.001,814.8,-0.000,814.8,0.000,814.8,0.001,814.8,0.000
815.5,0.000,815.5,0.001,815.5,0.001,815.5,0.000,815.5,0.001,815.5,0.001,815.5,0.000,815.5,0.001,815.5,0.001,815.5,0.000
816.3,-0.000,816.3,-0.000,816.3,0.001,816.3,-0.000,816.3,-0.000,816.3,0.001,816.3,0.000,816.3,0.000,816.3,-0.000,816.3,-0.001
817.1,-0.001,817.1,-0.001,817.1,-0.000,817.1,-0.001,817.1,-0.001,817.1,0.001,817.1,0.000,817.1,-0.001,817.1,-0.000,817.1,-0.001
817.9,-0.001,817.9,-0.001,817.9,-0.001,817.9,-0.001,817.9,-0.001,817.9,-0.000,817.9,-0.000,817.9,-0.001,817.9,-0.001,817.9,-0.001
818.6,-0.000,818.6,-0.000,818.6,-0.000,818.6,0.000,818.6,-0.000,818.6,-0.000,818.6,0.000,818.6,-0.001,818.6,-0.000,818.6,-0.000
819.4,0.001,819.4,-0.000,819.4,0.000,819.4,0.001,819.4,-0.000,819.4,-0.000,819.4,-0.000,819.4,0.000,819.4,-0.001,819.4,0.000
820.2,0.001,820.2,-0.000,820.2,0.001,820.2,0.001,820.2,0.000,820.2,-0.000,820.2,0.001,820.2,0.001,820.2,0.000,820.2,0.000
820.9,0.000,820.9,-0.001,820.9,0.000,820.9,0.000,820.9,-0.000,820.9,-0.001,820.9,0.000,820.9,-0.000,820.9,-0.000,820.9,0.000
821.7,-0.001,821.7,-0.001,821.7,0.000,821.7,-0.000,821.7,0.001,821.7,-0.001,821.7,0.001,821.7,-0.000,821.7,0.000,821.7,0.000
822.5,-0.001,822.5,-0.000,822.5,0.000,822.5,-0.001,822.5,0.000,822.5,-0.000,822.5,0.000,822.5,-0.001,822.5,-0.000,822.5,-0.000
823.3,-0.001,823.3,0.000,823.3,0.000,823.3,-0.001,823.3,0.000,823.3,0.000,823.3,0.000,823.3,-0.000,823.3,-0.000,823.3,-0.001
824.0,-0.001,824.0,0.001,824.0,-0.000,824.0,-0.001,824.0,0.000,824.0,0.001,824.0,0.000,824.0,-0.001,824.0,-0.001,824.0,-0.001
824.8,-0.001,824.8,0.000,824.8,-0.000,824.8,-0.001,824.8,-0.000,824.8,0.000,824.8,-0.001,824.8,-0.000,824.8,-0.001,824.8,-0.002
825.6,-0.001,825.6,-0.001,825.6,-0.000,825.6,-0.000,825.6,-0.001,825.6,0.000,825.6,0.000,825.6,0.000,825.6,-0.000,825.6,-0.000
826.3,-0.001,826.3,-0.001,826.3,-0.000,826.3,-0.001,826.3,-0.001,826.3,0.000,826.3,-0.000,826.3,0.000,826.3,-0.000,826.3,-0.000
827.1,-0.000,827.1,-0.001,827.1,0.000,827.1,-0.000,827.1,-0.001,827.1,0.000,827.1,0.001,827.1,-0.000,827.1,0.000,827.1,0.001
827.9,0.000,827.9,-0.001,827.9,0.001,827.9,-0.000,827.9,-0.000,827.9,0.001,827.9,0.000,827.9,-0.001,827.9,0.001,827.9,0.001
828.7,0.000,828.7,-0.001,828.7,0.001,828.7,0.000,828.7,-0.000,828.7,0.000,828.7,0.001,828.7,-0.001,828.7,0.001,828.7,0.000
829.4,-0.000,829.4,-0.001,829.4,0.000,829.4,0.000,829.4,-0.000,829.4,-0.000,829.4,0.000,829.4,-0.001,829.4,0.000,829.4,-0.001
830.2,-0.000,830.2,-0.001,830.2,0.000,830.2,0.000,830.2,-0.000,830.2,-0.000,830.2,-0.000,830.2,-0.001,830.2,-0.001,830.2,-0.002
831.0,-0.000,831.0,-0.001,831.0,0.000,831.0,-0.000,831.0,0.000,831.0,-0.000,831.0,-0.000,831.0,-0.001,831.0,-0.001,831.0,-0.001
831.8,-0.001,831.8,-0.001,831.8,0.000,831.8,-0.001,831.8,0.000,831.8,-0.000,831.8,0.000,831.8,-0.000,831.8,-0.001,831.8,-0.001
832.6,-0.001,832.6,-0.001,832.6,-0.001,832.6,-0.001,832.6,-0.001,832.6,-0.001,832.6,-0.000,832.6,-0.001,832.6,-0.001,832.6,-0.001
833.4,-0.001,833.4,-0.001,833.4,-0.001,833.4,-0.001,833.4,-0.001,833.4,-0.001,833.4,-0.000,833.4,-0.000,833.4,-0.001,833.4,-0.002
834.2,0.000,834.2,-0.001,834.2,-0.001,834.2,-0.001,834.2,-0.002,834.2,-0.001,834.2,-0.000,834.2,-0.001,834.2,-0.001,834.2,-0.002
835.1,-0.000,835.1,-0.000,835.1,-0.000,835.1,-0.001,835.1,-0.001,835.1,-0.001,835.1,-0.000,835.1,-0.001,835.1,-0.000,835.1,-0.001
835.9,-0.000,835.9,-0.000,835.9,0.000,835.9,-0.000,835.9,-0.001,835.9,-0.000,835.9,-0.000,835.9,-0.001,835.9,0.000,835.9,-0.000
836.7,-0.001,836.7,-0.000,836.7,-0.000,836.7,-0.000,836.7,-0.000,836.7,-0.000,836.7,-0.000,836.7,-0.001,836.7,0.000,836.7,-0.000
837.6,0.000,837.6,0.000,837.6,0.000,837.6,0.000,837.6,0.001,837.6,0.001,837.6,0.000,837.6,0.000,837.6,0.001,837.6,-0.000
838.4,0.000,838.4,-0.000,838.4,-0.000,838.4,0.000,838.4,0.001,838.4,0.000,838.4,0.000,838.4,0.000,838.4,0.001,838.4,-0.000
839.2,0.000,839.2,-0.000,839.2,-0.000,839.2,0.000,839.2,0.001,839.2,0.001,839.2,-0.000,839.2,-0.000,839.2,0.000,839.2,-0.000
840.1,-0.001,840.1,-0.001,840.1,-0.001,840.1,-0.001,840.1,-0.000,840.1,0.000,840.1,-0.001,840.1,-0.001,840.1,-0.000,840.1,-0.000
840.9,-0.000,840.9,-0.000,840.9,-0.000,840.9,-0.000,840.9,-0.000,840.9,0.000,840.9,-0.001,840.9,-0.000,840.9,-0.000,840.9,-0.001
841.7,-0.000,841.7,0.000,841.7,0.000,841.7,0.000,841.7,-0.000,841.7,0.001,841.7,-0.000,841.7,-0.000,841.7,-0.000,841.7,-0.001
842.6,0.000,842.6,0.000,842.6,0.001,842.6,0.000,842.6,0.000,842.6,0.001,842.6,-0.000,842.6,-0.000,842.6,-0.000,842.6,-0.000
843.4,-0.000,843.4,0.000,843.4,0.001,843.4,0.000,843.4,0.001,843.4,0.001,843.4,0.001,843.4,-0.000,843.4,-0.000,843.4,0.000
844.2,-0.000,844.2,0.000,844.2,0.002,844.2,0.000,844.2,0.000,844.2,0.000,844.2,0.001,844.2,-0.000,844.2,-0.001,844.2,0.000
845.1,-0.001,845.1,0.000,845.1,0.001,845.1,0.000,845.1,-0.000,845.1,-0.000,845.1,0.001,845.1,-0.000,845.1,-0.001,845.1,-0.000
845.9,-0.001,845.9,-0.000,845.9,-0.000,845.9,-0.000,845.9,-0.001,845.9,-0.001,845.9,0.001,845.9,-0.000,845.9,-0.001,845.9,-0.001
846.7,-0.002,846.7,-0.001,846.7,-0.001,846.7,-0.001,846.7,-0.000,846.7,-0.001,846.7,-0.000,846.7,-0.001,846.7,-0.001,846.7,-0.002
847.6,-0.001,847.6,-0.001,847.6,-0.001,847.6,-0.001,847.6,-0.001,847.6,-0.001,847.6,-0.001,847.6,-0.001,847.6,-0.001,847.6,-0.002
848.4,-0.001,848.4,-0.001,848.4,-0.000,848.4,-0.000,848.4,-0.001,848.4,-0.000,848.4,-0.001,848.4,-0.000,848.4,-0.000,848.4,-0.001
849.2,0.000,849.2,-0.000,849.2,0.000,849.2,0.000,849.2,-0.000,849.2,0.000,849.2,0.000,849.2,0.000,849.2,0.000,849.2,-0.001
850.1,0.001,850.1,0.001,850.1,0.001,850.1,0.000,850.1,0.001,850.1,0.001,850.1,0.001,850.1,0.001,850.1,0.000,850.1,-0.001
850.9,-0.000,850.9,-0.000,850.9,0.001,850.9,-0.000,850.9,0.000,850.9,0.000,850.9,0.000,850.9,0.001,850.9,-0.000,850.9,-0.001
851.7,-0.000,851.7,-0.000,851.7,0.001,851.7,-0.000,851.7,0.000,851.7,0.001,851.7,0.000,851.7,0.000,851.7,-0.000,851.7,-0.001
852.6,-0.001,852.6,-0.001,852.6,0.000,852.6,-0.001,852.6,-0.001,852.6,0.000,852.6,-0.000,852.6,-0.000,852.6,-0.001,852.6,-0.001
853.4,-0.000,853.4,-0.000,853.4,0.000,853.4,-0.001,853.4,-0.001,853.4,0.000,853.4,0.000,853.4,-0.001,853.4,-0.001,853.4,-0.001
854.2,-0.000,854.2,-0.000,854.2,0.000,854.2,-0.000,854.2,-0.001,854.2,-0.000,854.2,0.001,854.2,-0.000,854.2,-0.001,854.2,-0.001
855.1,-0.001,855.1,-0.000,855.1,0.000,855.1,-0.001,855.1,-0.001,855.1,-0.000,855.1,-0.000,855.1,-0.000,855.1,-0.001,855.1,-0.002
855.9,-0.000,855.9,0.000,855.9,0.000,855.9,-0.001,855.9,-0.001,855.9,0.000,855.9,-0.000,855.9,-0.000,855.9,-0.001,855.9,-0.001
856.7,-0.000,856.7,0.000,856.7,0.001,856.7,-0.000,856.7,-0.001,856.7,-0.000,856.7,0.000,856.7,-0.000,856.7,-0.000,856.7,-0.001
857.6,-0.001,857.6,0.000,857.6,0.001,857.6,-0.001,857.6,-0.001,857.6,-0.001,857.6,-0.000,857.6,-0.001,857.6,-0.000,857.6,-0.001
858.4,-0.001,858.4,-0.000,858.4,0.000,858.4,-0.001,858.4,-0.001,858.4,-0.001,858.4,-0.001,858.4,-0.001,858.4,-0.001,858.4,-0.001
859.2,-0.002,859.2,-0.001,859.2,-0.001,859.2,-0.002,859.2,-0.002,859.2,-0.001,859.2,-0.002,859.2,-0.002,859.2,-0.002,859.2,-0.002
860.1,-0.001,860.1,-0.001,860.1,-0.001,860.1,-0.001,860.1,-0.001,860.1,-0.001,860.1,-0.000,860.1,-0.001,860.1,-0.001,860.1,-0.001
860.9,-0.001,860.9,-0.001,860.9,-0.001,860.9,-0.001,860.9,-0.002,860.9,-0.001,860.9,-0.001,860.9,-0.001,860.9,-0.001,860.9,-0.002
861.7,-0.002,861.7,-0.002,861.7,-0.001,861.7,-0.000,861.7,-0.001,861.7,-0.001,861.7,-0.001,861.7,-0.000,861.7,-0.001,861.7,-0.002
862.6,-0.001,862.6,-0.001,862.6,-0.000,862.6,-0.000,862.6,-0.001,862.6,-0.000,862.6,-0.001,862.6,-0.001,862.6,-0.001,862.6,-0.002
863.4,-0.001,863.4,-0.001,863.4,-0.000,863.4,-0.001,863.4,-0.001,863.4,-0.000,863.4,-0.001,863.4,-0.001,863.4,-0.000,863.4,-0.001
864.3,-0.001,864.3,-0.000,864.3,0.000,864.3,-0.001,864.3,-0.001,864.3,-0.000,864.3,-0.000,864.3,-0.001,864.3,-0.000,864.3,-0.001
865.1,-0.002,865.1,-0.001,865.1,-0.001,865.1,-0.001,865.1,-0.001,865.1,-0.001,865.1,-0.001,865.1,-0.001,865.1,-0.000,865.1,-0.002
865.9,-0.001,865.9,-0.001,865.9,0.000,865.9,-0.001,865.9,-0.001,865.9,-0.001,865.9,0.000,865.9,-0.000,865.9,-0.000,865.9,-0.001
866.8,-0.000,866.8,0.000,866.8,0.001,866.8,0.000,866.8,0.000,866.8,-0.001,866.8,0.001,866.8,0.000,866.8,0.000,866.8,-0.001
867.6,0.000,867.6,0.000,867.6,0.000,867.6,0.001,867.6,-0.000,867.6,-0.000,867.6,0.001,867.6,0.001,867.6,0.000,867.6,-0.000
868.4,-0.000,868.4,0.000,868.4,-0.001,868.4,-0.000,868.4,-0.000,868.4,0.000,868.4,0.000,868.4,0.000,868.4,0.000,868.4,-0.001
869.3,0.000,869.3,-0.000,869.3,-0.000,869.3,-0.001,869.3,-0.001,869.3,-0.000,869.3,0.000,869.3,-0.000,869.3,0.000,869.3,-0.001
870.1,-0.000,870.1,-0.000,870.1,-0.000,870.1,-0.001,870.1,-0.001,870.1,-0.001,870.1,0.000,870.1,-0.000,870.1,-0.000,870.1,-0.001
870.9,-0.000,870.9,0.000,870.9,0.001,870.9,-0.001,870.9,-0.001,870.9,-0.001,870.9,-0.000,870.9,-0.000,870.9,-0.000,870.9,-0.000
871.8,-0.000,871.8,-0.000,871.8,0.000,871.8,-0.000,871.8,0.000,871.8,-0.000,871.8,0.000,871.8,-0.000,871.8,-0.000,871.8,0.000
872.6,-0.000,872.6,-0.001,872.6,0.000,872.6,-0.000,872.6,-0.000,872.6,-0.000,872.6,0.000,872.6,0.001,872.6,-0.000,872.6,0.000
873.4,-0.000,873.4,-0.001,873.4,-0.000,873.4,-0.000,873.4,-0.001,873.4,0.000,873.4,0.000,873.4,0.000,873.4,-0.001,873.4,-0.000
874.3,-0.000,874.3,-0.001,874.3,0.000,874.3,-0.000,874.3,-0.001,874.3,0.000,874.3,0.000,874.3,-0.000,874.3,-0.001,874.3,-0.001
875.1,-0.000,875.1,-0.000,875.1,0.000,875.1,-0.001,875.1,-0.001,875.1,0.000,875.1,0.000,875.1,-0.001,875.1,-0.001,875.1,-0.000
875.9,-0.000,875.9,-0.000,875.9,0.001,875.9,-0.000,875.9,0.000,875.9,-0.000,875.9,0.000,875.9,-0.000,875.9,-0.000,875.9,-0.000
876.8,-0.000,876.8,-0.000,876.8,0.000,876.8,-0.000,876.8,0.000,876.8,-0.000,876.8,-0.000,876.8,-0.000,876.8,-0.000,876.8,-0.000
877.6,-0.000,877.6,0.000,877.6,0.001,877.6,0.000,877.6,0.000,877.6,-0.000,877.6,-0.000,877.6,0.000,877.6,-0.000,877.6,-0.001
878.4,-0.000,878.4,0.000,878.4,0.000,878.4,-0.000,878.4,-0.001,878.4,0.000,878.4,-0.000,878.4,-0.000,878.4,-0.000,878.4,-0.001
879.3,-0.001,879.3,-0.000,879.3,0.000,879.3,-0.000,879.3,-0.001,879.3,0.000,879.3,-0.001,879.3,0.000,879.3,0.000,879.3,-0.001
880.1,-0.000,880.1,-0.000,880.1,-0.000,880.1,-0.000,880.1,-0.001,880.1,0.000,880.1,-0.001,880.1,-0.000,880.1,0.000,880.1,-0.000
880.9,-0.001,880.9,0.000,880.9,0.000,880.9,-0.000,880.9,0.000,880.9,-0.000,880.9,-0.000,880.9,0.000,880.9,0.000,880.9,-0.000
881.8,-0.000,881.8,0.000,881.8,0.001,881.8,-0.001,881.8,-0.000,881.8,-0.000,881.8,-0.000,881.8,-0.000,881.8,-0.000,881.8,0.000
882.6,-0.001,882.6,0.001,882.6,0.001,882.6,-0.001,882.6,0.000,882.6,0.000,882.6,0.000,882.6,0.000,882.6,-0.000,882.6,0.000
883.4,-0.001,883.4,0.001,883.4,0.001,883.4,-0.001,883.4,-0.000,883.4,0.001,883.4,0.000,883.4,-0.000,883.4,-0.001,883.4,0.000
884.3,-0.001,884.3,0.001,884.3,-0.000,884.3,-0.001,884.3,-0.000,884.3,0.001,884.3,0.001,884.3,-0.000,884.3,-0.000,884.3,-0.000
885.1,-0.001,885.1,0.000,885.1,-0.000,885.1,-0.000,885.1,-0.000,885.1,0.000,885.1,0.001,885.1,-0.000,885.1,0.001,885.1,-0.000
885.9,0.000,885.9,-0.000,885.9,-0.001,885.9,0.000,885.9,-0.001,885.9,0.000,885.9,0.000,885.9,-0.000,885.9,0.001,885.9,-0.001
886.8,-0.000,886.8,-0.000,886.8,-0.000,886.8,0.000,886.8,-0.001,886.8,0.001,886.8,-0.000,886.8,-0.000,886.8,0.001,886.8,-0.001
887.6,-0.001,887.6,-0.001,887.6,-0.000,887.6,-0.000,887.6,-0.001,887.6,0.001,887.6,-0.001,887.6,-0.001,887.6,0.000,887.6,-0.001
888.4,-0.000,888.4,-0.000,888.4,0.000,888.4,-0.000,888.4,0.000,888.4,0.001,888.4,-0.000,888.4,-0.001,888.4,-0.000,888.4,-0.000
889.3,0.001,889.3,-0.001,889.3,0.001,889.3,-0.000,889.3,0.000,889.3,0.002,889.3,0.001,889.3,0.000,889.3,-0.000,889.3,-0.000
890.1,0.001,890.1,-0.000,890.1,0.001,890.1,0.001,890.1,0.000,890.1,0.001,890.1,0.001,890.1,0.001,890.1,-0.000,890.1,0.001
890.9,-0.000,890.9,-0.000,890.9,0.000,890.9,0.001,890.9,-0.000,890.9,0.000,890.9,0.001,890.9,0.001,890.9,-0.000,890.9,0.000
891.8,-0.002,891.8,-0.001,891.8,0.000,891.8,0.000,891.8,-0.001,891.8,-0.000,891.8,0.000,891.8,-0.001,891.8,-0.001,891.8,0.000
892.6,-0.001,892.6,-0.001,892.6,0.000,892.6,0.000,892.6,-0.000,892.6,0.000,892.6,0.000,892.6,-0.000,892.6,-0.001,892.6,-0.000
893.4,-0.001,893.4,-0.000,893.4,0.001,893.4,0.000,893.4,-0.001,893.4,0.001,893.4,-0.000,893.4,-0.000,893.4,0.000,893.4,-0.000
894.3,-0.000,894.3,-0.000,894.3,-0.000,894.3,0.000,894.3,-0.000,894.3,0.001,894.3,0.000,894.3,-0.000,894.3,0.000,894.3,-0.000
895.1,0.000,895.1,-0.000,895.1,-0.000,895.1,-0.000,895.1,-0.000,895.1,0.001,895.1,-0.000,895.1,-0.000,895.1,0.000,895.1,-0.001
895.9,-0.000,895.9,-0.001,895.9,-0.001,895.9,-0.001,895.9,-0.001,895.9,0.000,895.9,-0.000,895.9,-0.001,895.9,-0.000,895.9,-0.001
896.8,-0.000,896.8,-0.000,896.8,-0.000,896.8,-0.000,896.8,-0.000,896.8,0.000,896.8,-0.000,896.8,-0.001,896.8,-0.000,896.8,-0.001
897.6,-0.001,897.6,-0.000,897.6,-0.000,897.6,-0.000,897.6,-0.001,897.6,0.000,897.6,-0.000,897.6,-0.000,897.6,-0.000,897.6,-0.001
898.4,-0.001,898.4,-0.001,898.4,-0.000,898.4,-0.000,898.4,-0.001,898.4,0.001,898.4,-0.000,898.4,-0.001,898.4,-0.001,898.4,-0.001
899.3,-0.001,899.3,-0.001,899.3,-0.000,899.3,-0.001,899.3,-0.001,899.3,0.000,899.3,-0.001,899.3,-0.001,899.3,-0.000,899.3,-0.001
